1,0,1,0,1,1,0,0,0,0,1,0,2,0,0,0,0,0,0,1,0,0,0,0,0,0,0,3,0,0,0,0,0,2,0,2,0,0,0,0,1,0,0,2,-1
1,0,1,0,0,1,0,0,0,0,2,0,1,0,0,1,0,0,0,0,0,0,0,0,0,0,0,20,0,0,0,0,0,0,0,0,0,0,0,0,0,0,0,0,1
1,0,1,0,0,0.612,0,0,-0.4019,0,2,0,2,0,0,1,0,0,0,1,0,0,0,0,0,0,0,15,0,0,0,0,0,0,0,0,0,0,1,0,0,0,0,0,1
1,0,1,0,0,0.913,0,0,0.25,0,2,0,5,0,2,1,0,0,0,0,0,0,0,2,0,0,0,9,0,0,1,1,0,0,0,2,0,0,3,0,0,0,0,0,1
1,0,1,0,0,0.588,0,0,0.8591,0,2,0,2,0,1,1,1,0,0,0,0,0,0,0,0,0,0,11,0,0,1,0,1,0,0,2,0,0,1,0,0,1,0,0,1
1,1,1,0,0,1,0,0,0,0,1,0,4,0,0,1,1,2,0,1,0,0,0,0,0,0,0,1,0,0,0,0,0,0,0,1,0,0,0,0,0,0,0,0,1
1,0,1,0,0,1,0,0,0,0,2,0,0,0,0,2,0,1,0,0,0,0,0,0,0,0,0,19,0,0,0,0,0,0,0,0,0,0,0,0,0,0,0,0,1
1,0,1,1,1,0.895,0,0,-0.3802,0,0,2,6,0,0,1,1,0,0,0,0,0,1,0,2,0,0,6,1,0,0,0,1,2,0,1,0,0,0,0,2,1,0,2,1
1,0,1,0,0,1,0,0,0,0,2,0,0,0,0,2,0,1,0,0,0,0,0,0,0,0,0,21,0,0,0,0,0,0,0,0,0,0,0,0,0,0,0,0,1
1,0,1,0,0,1,0,0,0,0,1,0,1,0,1,2,0,1,0,0,0,0,0,0,0,0,0,19,0,0,0,2,0,0,0,0,0,0,0,0,0,0,0,0,1
1,0,1,0,0,0.844,0,0,-0.3412,0,1,0,4,0,0,2,1,1,0,1,0,0,0,0,0,0,0,7,0,0,1,0,0,0,0,2,0,0,0,0,0,0,0,0,-1
1,0,1,0,0,1,0,0,0,0,2,0,0,0,0,2,0,1,0,0,0,0,0,0,0,0,0,18,0,0,0,0,0,0,0,0,0,0,0,0,0,0,0,0,1
1,0,1,1,0,0.909,0,0,0.25,0,2,1,5,0,1,1,1,0,0,2,0,0,0,0,2,0,0,8,0,0,0,1,0,0,0,1,0,0,1,0,0,0,0,0,1
1,1,1,0,0,0.853,0,0,0.4767,0,1,0,7,0,0,3,0,0,0,2,0,0,0,0,1,0,0,2,0,0,1,0,0,0,0,4,0,0,0,0,0,0,0,0,1
1,0,1,0,0,1,0,0,0,0,1,0,1,0,0,0,0,0,0,0,0,0,0,0,0,0,0,18,0,0,0,0,0,0,0,0,0,0,0,0,0,0,0,0,1
1,0,1,0,0,1,0,0,0,0,1,0,3,0,0,1,0,1,0,0,0,0,0,0,0,0,0,12,0,0,0,0,0,0,0,0,3,0,0,0,0,0,0,0,1
1,0,1,0,1,1,0,0,0,0,0,0,4,0,0,0,1,0,0,4,0,0,0,2,3,0,0,4,0,0,1,0,0,2,0,2,0,0,2,0,0,0,0,2,1
1,0,1,0,0,1,0,0,0,0,2,0,0,0,0,2,0,1,0,0,0,0,0,0,0,0,0,21,0,0,0,0,0,0,0,0,0,0,0,0,0,0,0,0,1
1,0,1,0,0,0.847,0,0,0.5574,0,2,0,4,1,1,2,0,3,0,2,0,0,0,1,0,0,0,2,0,0,1,0,0,0,0,3,0,0,1,0,0,0,0,0,1
1,1,1,0,1,0.886,0,0,0.3786,0,0,0,6,0,1,0,1,1,0,1,0,0,0,2,0,0,0,6,0,0,2,0,0,2,0,2,0,0,1,0,0,0,0,2,1
1,0,1,0,0,1,0,0,0,0,2,0,1,0,0,3,0,1,0,0,0,0,0,0,0,0,0,17,0,0,0,0,0,0,0,0,0,0,0,0,0,0,0,0,1
1,0,1,0,1,1,0,0,0,0,1,0,4,0,2,0,0,1,0,1,0,0,0,1,1,0,0,9,0,0,0,0,0,0,0,2,0,0,1,0,0,0,0,0,1
1,1,1,0,0,1,0,0,0,0,1,1,5,0,0,2,0,1,0,0,0,0,0,0,0,0,0,0,0,0,0,0,0,1,0,1,0,0,0,0,0,0,0,1,1
1,0,1,0,0,1,0,0,0,0,2,0,0,0,0,2,0,1,0,0,0,0,0,0,0,0,0,22,0,0,0,0,0,0,0,0,0,0,0,0,0,0,0,0,1
1,0,1,0,0,1,0,0,0,0,2,0,0,0,0,2,0,1,0,0,0,0,0,0,0,0,0,23,0,0,0,0,0,0,0,0,0,0,0,0,0,0,0,0,1
1,0,1,1,0,0.877,0,0,0.4466,0,0,1,1,0,1,1,3,1,0,2,0,0,0,0,0,0,0,9,0,0,1,0,1,1,1,2,0,0,0,1,1,1,0,1,-1
1,0,1,0,0,1,0,0,0,0,1,0,2,0,0,1,0,0,0,0,0,0,0,0,0,0,0,19,0,0,1,1,0,0,0,0,0,0,0,0,0,0,0,0,1
1,1,1,0,0,1,0,0,0,0,2,0,3,0,0,3,1,1,0,1,0,0,0,2,0,0,0,7,0,0,1,0,0,0,0,1,0,0,1,0,0,0,0,0,1
1,1,1,0,0,0.87,0,0,-0.0516,0,1,0,2,0,0,2,1,1,0,0,0,0,0,1,0,0,0,1,0,0,0,0,0,1,0,1,0,1,0,0,0,0,0,1,1
1,0,1,0,0,1,0,0,0,0,2,1,0,0,0,1,0,0,0,0,0,0,0,0,0,0,0,21,0,0,0,1,0,0,0,0,0,0,0,0,0,0,0,0,1
1,0,1,0,1,0.488,0,0,-0.6763,0,0,0,5,0,0,1,1,1,0,1,0,0,0,2,0,0,0,5,0,0,2,0,0,1,0,2,0,0,0,0,1,0,0,1,1
1,0,1,1,0,1,0,0,0,0,2,0,1,0,0,2,0,0,0,0,0,0,0,0,0,0,0,16,0,0,0,0,0,0,0,0,0,0,0,0,0,0,0,0,1
1,0,1,0,0,1,0,0,0,0,1,1,2,0,0,1,0,1,0,0,0,0,0,0,0,0,0,16,0,0,0,0,0,0,0,0,0,0,0,0,0,0,0,0,1
1,1,1,0,0,0.569,0,0,0.8442,0,1,0,6,0,0,2,0,2,0,0,0,0,0,0,2,0,0,3,0,0,0,0,0,0,0,2,0,0,0,0,0,0,0,0,1
1,1,1,1,1,0.817,0,0,0.2003,0,0,0,3,0,0,0,1,2,0,0,0,0,0,0,0,0,0,3,1,0,0,0,0,0,0,1,0,0,0,0,0,0,0,0,1
1,0,1,0,0,1,0,0,0,0,2,0,1,0,0,1,0,0,0,0,0,0,0,0,0,0,0,20,0,0,0,0,0,0,0,0,0,0,0,0,0,0,0,0,1
0,1,1,0,0,1,0,0,0,0,1,0,3,0,0,3,0,2,0,0,0,0,0,0,0,0,0,2,0,0,0,0,0,0,0,0,0,0,0,0,0,0,0,0,1
1,0,1,0,0,1,0,0,0,0,2,0,1,0,0,1,0,0,0,0,0,0,0,0,0,0,0,19,0,0,0,0,0,0,0,0,0,0,0,0,0,0,0,0,1
0,1,0,0,0,0.89,0,0,0.3291,0,1,0,10,0,0,6,0,0,0,4,0,0,0,0,3,0,0,0,0,0,0,0,0,0,0,1,1,0,1,0,1,0,0,0,1
1,0,1,0,0,1,0,0,0,0,2,0,0,0,0,1,0,1,0,0,0,0,0,0,0,0,0,11,0,0,0,0,0,0,0,0,0,0,0,0,0,0,0,0,1
1,1,1,0,1,1,0,0,0,0,1,0,4,0,0,0,0,1,0,0,0,0,0,0,0,0,0,1,0,0,1,0,0,1,0,1,0,0,0,0,0,0,0,1,1
1,1,1,1,0,0.745,0,0,-0.6249,0,1,0,3,0,0,4,0,0,0,0,0,0,0,1,2,0,0,7,1,0,0,0,0,0,0,0,0,0,0,0,1,0,0,0,1
1,0,1,0,0,1,0,0,0,0,2,0,1,0,0,2,0,1,0,0,0,0,0,0,0,0,0,19,0,0,0,0,0,0,0,0,0,0,0,0,0,0,0,0,1
1,1,1,0,0,0.828,0,0,0.4019,0,1,1,6,0,0,1,1,1,0,1,0,0,0,0,1,0,0,4,0,0,0,0,0,0,0,1,0,0,0,0,0,0,0,0,1
1,1,1,0,0,0.734,0,0,0.4404,0,1,0,4,0,0,2,0,0,0,0,0,0,0,0,0,0,0,4,0,0,0,0,0,0,0,0,0,0,0,0,0,0,0,0,1
1,0,1,0,0,1,0,0,0,0,2,0,0,0,0,2,0,1,0,0,0,0,0,0,0,0,0,22,0,0,0,0,0,0,0,0,0,0,0,0,0,0,0,0,1
0,1,0,0,0,0.936,0,0,0.0258,0,0,0,5,0,1,2,0,0,0,3,0,0,0,1,1,0,0,1,0,0,0,1,0,0,0,1,1,0,0,0,0,0,0,0,1
1,1,1,0,1,0.633,0,0,0.8268,0,1,1,4,0,0,2,0,1,0,0,0,0,0,0,1,0,0,8,0,0,0,0,1,2,0,1,0,0,1,0,1,1,0,2,1
0,1,1,0,0,1,0,0,0,0,1,0,3,0,1,2,0,1,0,0,0,0,0,0,1,0,0,5,0,0,1,0,0,0,0,0,0,0,1,0,0,0,0,0,1
1,0,1,0,0,1,0,0,0,0,2,0,0,0,0,2,0,1,0,0,0,0,0,0,0,0,0,19,0,0,0,0,0,0,0,0,0,0,0,0,0,0,0,0,1
1,1,1,1,0,0.9,0,0,0.25,0,0,1,5,0,1,0,1,0,0,2,0,0,0,0,3,0,0,7,0,0,0,1,0,0,0,1,0,0,1,0,0,0,0,0,1
1,0,1,0,0,1,0,0,0,0,1,0,3,0,0,1,0,1,0,0,0,0,0,0,0,0,0,1,0,0,1,0,0,0,0,0,0,0,0,0,0,0,0,0,1
1,0,1,0,0,1,0,0,0,0,2,0,1,0,0,1,0,0,0,0,0,0,0,0,0,0,0,20,0,0,0,0,0,0,0,0,0,0,0,0,0,0,0,0,1
1,0,1,0,0,0.612,0,0,-0.4019,0,2,0,2,0,0,1,0,0,0,1,0,0,0,0,0,0,0,15,0,0,0,0,0,0,0,0,0,0,1,0,0,0,0,0,1
1,0,1,0,0,0.913,0,0,0.25,0,2,0,5,0,2,1,0,0,0,0,0,0,0,2,0,0,0,9,0,0,1,1,0,0,0,2,0,0,3,0,0,0,0,0,1
1,0,1,0,0,0.588,0,0,0.8591,0,2,0,2,0,1,1,1,0,0,0,0,0,0,0,0,0,0,11,0,0,1,0,1,0,0,2,0,0,1,0,0,1,0,0,1
1,1,1,0,0,1,0,0,0,0,1,0,4,0,0,1,1,2,0,1,0,0,0,0,0,0,0,1,0,0,0,0,0,0,0,1,0,0,0,0,0,0,0,0,1
1,0,1,0,0,1,0,0,0,0,2,0,0,0,0,2,0,1,0,0,0,0,0,0,0,0,0,19,0,0,0,0,0,0,0,0,0,0,0,0,0,0,0,0,1
1,0,1,1,1,0.895,0,0,-0.3802,0,0,2,6,0,0,1,1,0,0,0,0,0,1,0,2,0,0,6,1,0,0,0,1,2,0,1,0,0,0,0,2,1,0,2,1
1,0,1,0,0,1,0,0,0,0,2,0,0,0,0,2,0,1,0,0,0,0,0,0,0,0,0,21,0,0,0,0,0,0,0,0,0,0,0,0,0,0,0,0,1
1,0,1,0,0,1,0,0,0,0,1,0,1,0,1,2,0,1,0,0,0,0,0,0,0,0,0,19,0,0,0,2,0,0,0,0,0,0,0,0,0,0,0,0,1
1,0,1,0,0,0.844,0,0,-0.3412,0,1,0,4,0,0,2,1,1,0,1,0,0,0,0,0,0,0,7,0,0,1,0,0,0,0,2,0,0,0,0,0,0,0,0,-1
1,0,1,0,0,1,0,0,0,0,2,0,0,0,0,2,0,1,0,0,0,0,0,0,0,0,0,18,0,0,0,0,0,0,0,0,0,0,0,0,0,0,0,0,1
1,0,1,1,0,0.909,0,0,0.25,0,2,1,5,0,1,1,1,0,0,2,0,0,0,0,2,0,0,8,0,0,0,1,0,0,0,1,0,0,1,0,0,0,0,0,1
1,1,1,0,0,0.853,0,0,0.4767,0,1,0,7,0,0,3,0,0,0,2,0,0,0,0,1,0,0,2,0,0,1,0,0,0,0,4,0,0,0,0,0,0,0,0,1
1,0,1,0,0,1,0,0,0,0,1,0,1,0,0,0,0,0,0,0,0,0,0,0,0,0,0,18,0,0,0,0,0,0,0,0,0,0,0,0,0,0,0,0,1
1,0,1,0,0,1,0,0,0,0,1,0,3,0,0,1,0,1,0,0,0,0,0,0,0,0,0,12,0,0,0,0,0,0,0,0,3,0,0,0,0,0,0,0,1
1,0,1,0,1,1,0,0,0,0,0,0,4,0,0,0,1,0,0,4,0,0,0,2,3,0,0,4,0,0,1,0,0,2,0,2,0,0,2,0,0,0,0,2,1
1,0,1,0,0,1,0,0,0,0,2,0,0,0,0,2,0,1,0,0,0,0,0,0,0,0,0,21,0,0,0,0,0,0,0,0,0,0,0,0,0,0,0,0,1
1,0,1,0,0,0.847,0,0,0.5574,0,2,0,4,1,1,2,0,3,0,2,0,0,0,1,0,0,0,2,0,0,1,0,0,0,0,3,0,0,1,0,0,0,0,0,1
1,1,1,0,1,0.886,0,0,0.3786,0,0,0,6,0,1,0,1,1,0,1,0,0,0,2,0,0,0,6,0,0,2,0,0,2,0,2,0,0,1,0,0,0,0,2,1
1,0,1,0,0,1,0,0,0,0,2,0,1,0,0,3,0,1,0,0,0,0,0,0,0,0,0,17,0,0,0,0,0,0,0,0,0,0,0,0,0,0,0,0,1
1,0,1,0,1,1,0,0,0,0,1,0,4,0,2,0,0,1,0,1,0,0,0,1,1,0,0,9,0,0,0,0,0,0,0,2,0,0,1,0,0,0,0,0,1
1,1,1,0,0,1,0,0,0,0,1,1,5,0,0,2,0,1,0,0,0,0,0,0,0,0,0,0,0,0,0,0,0,1,0,1,0,0,0,0,0,0,0,1,1
1,0,1,0,0,1,0,0,0,0,2,0,0,0,0,2,0,1,0,0,0,0,0,0,0,0,0,22,0,0,0,0,0,0,0,0,0,0,0,0,0,0,0,0,1
1,0,1,0,0,1,0,0,0,0,2,0,0,0,0,2,0,1,0,0,0,0,0,0,0,0,0,23,0,0,0,0,0,0,0,0,0,0,0,0,0,0,0,0,1
1,0,1,1,0,0.877,0,0,0.4466,0,0,1,1,0,1,1,3,1,0,2,0,0,0,0,0,0,0,9,0,0,1,0,1,1,1,2,0,0,0,1,1,1,0,1,-1
1,0,1,0,0,1,0,0,0,0,1,0,2,0,0,1,0,0,0,0,0,0,0,0,0,0,0,19,0,0,1,1,0,0,0,0,0,0,0,0,0,0,0,0,1
1,1,1,0,0,1,0,0,0,0,2,0,3,0,0,3,1,1,0,1,0,0,0,2,0,0,0,7,0,0,1,0,0,0,0,1,0,0,1,0,0,0,0,0,1
1,1,1,0,0,0.87,0,0,-0.0516,0,1,0,2,0,0,2,1,1,0,0,0,0,0,1,0,0,0,1,0,0,0,0,0,1,0,1,0,1,0,0,0,0,0,1,1
1,0,1,0,0,1,0,0,0,0,2,1,0,0,0,1,0,0,0,0,0,0,0,0,0,0,0,21,0,0,0,1,0,0,0,0,0,0,0,0,0,0,0,0,1
1,0,1,0,1,0.488,0,0,-0.6763,0,0,0,5,0,0,1,1,1,0,1,0,0,0,2,0,0,0,5,0,0,2,0,0,1,0,2,0,0,0,0,1,0,0,1,1
1,0,1,1,0,1,0,0,0,0,2,0,1,0,0,2,0,0,0,0,0,0,0,0,0,0,0,16,0,0,0,0,0,0,0,0,0,0,0,0,0,0,0,0,1
1,0,1,0,0,1,0,0,0,0,1,1,2,0,0,1,0,1,0,0,0,0,0,0,0,0,0,16,0,0,0,0,0,0,0,0,0,0,0,0,0,0,0,0,1
1,1,1,0,0,0.569,0,0,0.8442,0,1,0,6,0,0,2,0,2,0,0,0,0,0,0,2,0,0,3,0,0,0,0,0,0,0,2,0,0,0,0,0,0,0,0,1
1,1,1,1,1,0.817,0,0,0.2003,0,0,0,3,0,0,0,1,2,0,0,0,0,0,0,0,0,0,3,1,0,0,0,0,0,0,1,0,0,0,0,0,0,0,0,1
1,0,1,0,0,1,0,0,0,0,2,0,1,0,0,1,0,0,0,0,0,0,0,0,0,0,0,20,0,0,0,0,0,0,0,0,0,0,0,0,0,0,0,0,1
0,1,1,0,0,1,0,0,0,0,1,0,3,0,0,3,0,2,0,0,0,0,0,0,0,0,0,2,0,0,0,0,0,0,0,0,0,0,0,0,0,0,0,0,1
1,0,1,0,0,1,0,0,0,0,2,0,1,0,0,1,0,0,0,0,0,0,0,0,0,0,0,19,0,0,0,0,0,0,0,0,0,0,0,0,0,0,0,0,1
0,1,0,0,0,0.89,0,0,0.3291,0,1,0,10,0,0,6,0,0,0,4,0,0,0,0,3,0,0,0,0,0,0,0,0,0,0,1,1,0,1,0,1,0,0,0,1
1,0,1,0,0,1,0,0,0,0,2,0,0,0,0,1,0,1,0,0,0,0,0,0,0,0,0,11,0,0,0,0,0,0,0,0,0,0,0,0,0,0,0,0,1
1,1,1,0,1,1,0,0,0,0,1,0,4,0,0,0,0,1,0,0,0,0,0,0,0,0,0,1,0,0,1,0,0,1,0,1,0,0,0,0,0,0,0,1,1
1,1,1,1,0,0.745,0,0,-0.6249,0,1,0,3,0,0,4,0,0,0,0,0,0,0,1,2,0,0,7,1,0,0,0,0,0,0,0,0,0,0,0,1,0,0,0,1
1,0,1,0,0,1,0,0,0,0,2,0,1,0,0,2,0,1,0,0,0,0,0,0,0,0,0,19,0,0,0,0,0,0,0,0,0,0,0,0,0,0,0,0,1
1,1,1,0,0,0.828,0,0,0.4019,0,1,1,6,0,0,1,1,1,0,1,0,0,0,0,1,0,0,4,0,0,0,0,0,0,0,1,0,0,0,0,0,0,0,0,1
1,1,1,0,0,0.734,0,0,0.4404,0,1,0,4,0,0,2,0,0,0,0,0,0,0,0,0,0,0,4,0,0,0,0,0,0,0,0,0,0,0,0,0,0,0,0,1
1,0,1,0,0,1,0,0,0,0,2,0,0,0,0,2,0,1,0,0,0,0,0,0,0,0,0,22,0,0,0,0,0,0,0,0,0,0,0,0,0,0,0,0,1
0,1,0,0,0,0.936,0,0,0.0258,0,0,0,5,0,1,2,0,0,0,3,0,0,0,1,1,0,0,1,0,0,0,1,0,0,0,1,1,0,0,0,0,0,0,0,1
1,1,1,0,1,0.633,0,0,0.8268,0,1,1,4,0,0,2,0,1,0,0,0,0,0,0,1,0,0,8,0,0,0,0,1,2,0,1,0,0,1,0,1,1,0,2,1
0,1,1,0,0,1,0,0,0,0,1,0,3,0,1,2,0,1,0,0,0,0,0,0,1,0,0,5,0,0,1,0,0,0,0,0,0,0,1,0,0,0,0,0,1
1,0,1,0,0,1,0,0,0,0,2,0,0,0,0,2,0,1,0,0,0,0,0,0,0,0,0,19,0,0,0,0,0,0,0,0,0,0,0,0,0,0,0,0,1
1,0,1,1,1,1,0,0,0,0,2,0,3,0,0,2,1,0,0,0,0,0,0,0,1,0,0,10,0,0,0,1,0,0,0,0,0,0,0,0,1,0,0,0,1
1,1,1,0,1,0.88,0,0,0.3786,0,1,0,6,0,1,2,0,2,0,3,0,0,0,1,2,0,0,6,0,0,0,0,0,0,0,2,0,0,2,0,0,0,0,0,1
1,0,1,0,0,1,0,0,0,0,2,0,1,0,0,1,0,0,0,0,0,0,0,0,0,0,0,20,0,0,0,0,0,0,0,0,0,0,0,0,0,0,0,0,1
1,1,1,0,0,1,0,0,0,0,1,0,3,0,0,1,0,2,0,1,0,0,0,0,1,0,0,0,0,0,0,0,0,0,0,0,0,0,0,0,0,0,0,0,1
1,1,1,0,0,1,0,0,0,0,1,0,3,0,0,2,0,0,0,0,0,0,0,0,1,0,0,10,0,0,0,0,0,0,0,0,0,0,0,0,0,0,0,0,1
1,1,1,0,1,0.871,0,0,0.3023,0,1,0,5,0,0,1,0,1,0,1,0,1,0,0,1,0,0,3,0,0,0,0,0,1,0,0,0,0,2,0,0,0,0,1,1
1,0,1,0,0,1,0,0,0,0,2,0,0,0,0,2,0,0,0,0,0,0,0,0,0,0,0,14,0,0,0,0,0,0,0,0,0,0,0,0,1,0,0,0,1
1,1,1,0,0,0.848,0,0,0.3612,0,1,0,5,0,1,1,1,2,0,1,0,0,0,1,0,0,0,2,1,0,1,0,0,0,0,1,0,0,0,0,0,0,0,0,1
1,1,1,0,0,1,0,0,0,0,1,0,4,0,0,1,1,2,0,1,0,0,0,0,0,0,0,1,0,0,0,0,0,0,0,1,0,0,0,0,0,0,0,0,1
1,1,1,1,0,1,0,0,0,0,0,0,3,0,0,2,0,1,0,0,0,0,0,0,2,0,0,8,0,0,1,0,0,0,0,0,0,0,1,0,0,0,0,0,1
1,1,1,0,0,1,0,0,0,0,1,0,2,0,0,2,0,0,0,0,0,0,0,0,1,0,0,11,0,0,0,0,0,0,0,0,0,0,0,0,0,0,0,0,1
1,0,1,0,0,1,0,0,0,0,2,0,1,0,0,1,0,0,0,0,0,0,0,0,0,0,0,20,0,0,0,0,0,0,0,0,0,0,0,0,0,0,0,0,1
1,0,1,0,0,0.932,0,0,0.0258,0,1,0,3,0,0,0,0,0,0,0,0,0,0,1,1,0,0,4,0,0,0,0,2,1,0,1,0,1,0,0,2,2,0,1,1
1,0,1,0,0,1,0,0,0,0,2,0,0,0,0,2,0,1,0,0,0,0,0,0,0,0,0,19,0,0,0,0,0,0,0,0,0,0,0,0,0,0,0,0,1
1,1,1,0,0,0.607,0,0,0.6739,0,1,0,3,0,0,1,0,0,0,0,0,0,0,0,0,0,0,4,0,0,0,0,0,0,0,1,0,0,0,0,0,0,0,0,1
1,0,1,0,0,1,0,0,0,0,2,0,1,0,0,1,0,0,0,0,0,0,0,0,0,0,0,21,0,0,0,0,0,0,0,0,0,0,0,0,0,0,0,0,1
1,0,1,0,0,1,0,0,0,0,2,0,2,0,0,4,0,1,0,0,0,0,0,0,0,0,0,12,0,0,0,0,0,0,0,0,0,0,0,0,0,0,0,0,1
1,1,1,0,0,1,0,0,0,0,1,0,4,0,0,2,0,0,0,0,0,0,0,0,1,0,0,9,0,0,0,0,0,0,0,0,0,0,0,0,0,0,0,0,1
1,1,1,0,0,1,0,0,0,0,1,0,7,0,0,3,1,1,0,3,0,0,0,0,0,0,0,3,1,0,1,0,0,0,0,2,0,0,0,0,1,0,0,0,1
1,1,1,0,0,0.504,0,0,0.8957,0,0,0,6,0,1,2,1,1,0,1,0,0,0,3,0,0,0,2,0,0,0,0,0,1,0,1,0,0,1,0,0,0,0,1,1
1,1,1,0,0,1,0,0,0,0,2,0,6,0,0,1,0,2,0,2,0,0,0,0,2,0,0,4,0,0,1,0,0,0,0,1,0,0,0,0,0,0,0,0,1
1,0,1,0,0,1,0,0,0,0,2,0,1,0,0,1,0,0,0,0,0,0,0,0,0,0,0,20,0,0,0,0,0,0,0,0,0,0,0,0,0,0,0,0,1
1,0,1,0,0,0.612,0,0,-0.4019,0,2,0,2,0,0,1,0,0,0,1,0,0,0,0,0,0,0,15,0,0,0,0,0,0,0,0,0,0,1,0,0,0,0,0,1
1,0,1,0,0,0.913,0,0,0.25,0,2,0,5,0,2,1,0,0,0,0,0,0,0,2,0,0,0,9,0,0,1,1,0,0,0,2,0,0,3,0,0,0,0,0,1
1,0,1,0,0,0.588,0,0,0.8591,0,2,0,2,0,1,1,1,0,0,0,0,0,0,0,0,0,0,11,0,0,1,0,1,0,0,2,0,0,1,0,0,1,0,0,1
1,1,1,0,0,1,0,0,0,0,1,0,4,0,0,1,1,2,0,1,0,0,0,0,0,0,0,1,0,0,0,0,0,0,0,1,0,0,0,0,0,0,0,0,1
1,0,1,0,0,1,0,0,0,0,2,0,0,0,0,2,0,1,0,0,0,0,0,0,0,0,0,19,0,0,0,0,0,0,0,0,0,0,0,0,0,0,0,0,1
1,0,1,1,1,0.895,0,0,-0.3802,0,0,2,6,0,0,1,1,0,0,0,0,0,1,0,2,0,0,6,1,0,0,0,1,2,0,1,0,0,0,0,2,1,0,2,1
1,0,1,0,0,1,0,0,0,0,2,0,0,0,0,2,0,1,0,0,0,0,0,0,0,0,0,21,0,0,0,0,0,0,0,0,0,0,0,0,0,0,0,0,1
1,0,1,0,0,1,0,0,0,0,1,0,1,0,1,2,0,1,0,0,0,0,0,0,0,0,0,19,0,0,0,2,0,0,0,0,0,0,0,0,0,0,0,0,1
1,0,1,0,0,0.844,0,0,-0.3412,0,1,0,4,0,0,2,1,1,0,1,0,0,0,0,0,0,0,7,0,0,1,0,0,0,0,2,0,0,0,0,0,0,0,0,-1
1,0,1,0,0,1,0,0,0,0,2,0,0,0,0,2,0,1,0,0,0,0,0,0,0,0,0,18,0,0,0,0,0,0,0,0,0,0,0,0,0,0,0,0,1
1,0,1,1,0,0.909,0,0,0.25,0,2,1,5,0,1,1,1,0,0,2,0,0,0,0,2,0,0,8,0,0,0,1,0,0,0,1,0,0,1,0,0,0,0,0,1
1,1,1,0,0,0.853,0,0,0.4767,0,1,0,7,0,0,3,0,0,0,2,0,0,0,0,1,0,0,2,0,0,1,0,0,0,0,4,0,0,0,0,0,0,0,0,1
1,0,1,0,0,1,0,0,0,0,1,0,1,0,0,0,0,0,0,0,0,0,0,0,0,0,0,18,0,0,0,0,0,0,0,0,0,0,0,0,0,0,0,0,1
1,0,1,0,0,1,0,0,0,0,1,0,3,0,0,1,0,1,0,0,0,0,0,0,0,0,0,12,0,0,0,0,0,0,0,0,3,0,0,0,0,0,0,0,1
1,0,1,0,1,1,0,0,0,0,0,0,4,0,0,0,1,0,0,4,0,0,0,2,3,0,0,4,0,0,1,0,0,2,0,2,0,0,2,0,0,0,0,2,1
1,0,1,0,0,1,0,0,0,0,2,0,0,0,0,2,0,1,0,0,0,0,0,0,0,0,0,21,0,0,0,0,0,0,0,0,0,0,0,0,0,0,0,0,1
1,0,1,0,0,0.847,0,0,0.5574,0,2,0,4,1,1,2,0,3,0,2,0,0,0,1,0,0,0,2,0,0,1,0,0,0,0,3,0,0,1,0,0,0,0,0,1
1,1,1,0,1,0.886,0,0,0.3786,0,0,0,6,0,1,0,1,1,0,1,0,0,0,2,0,0,0,6,0,0,2,0,0,2,0,2,0,0,1,0,0,0,0,2,1
1,0,1,0,0,1,0,0,0,0,2,0,1,0,0,3,0,1,0,0,0,0,0,0,0,0,0,17,0,0,0,0,0,0,0,0,0,0,0,0,0,0,0,0,1
1,0,1,0,1,1,0,0,0,0,1,0,4,0,2,0,0,1,0,1,0,0,0,1,1,0,0,9,0,0,0,0,0,0,0,2,0,0,1,0,0,0,0,0,1
1,1,1,0,0,1,0,0,0,0,1,1,5,0,0,2,0,1,0,0,0,0,0,0,0,0,0,0,0,0,0,0,0,1,0,1,0,0,0,0,0,0,0,1,1
1,0,1,0,0,1,0,0,0,0,2,0,0,0,0,2,0,1,0,0,0,0,0,0,0,0,0,22,0,0,0,0,0,0,0,0,0,0,0,0,0,0,0,0,1
1,0,1,0,0,1,0,0,0,0,2,0,0,0,0,2,0,1,0,0,0,0,0,0,0,0,0,23,0,0,0,0,0,0,0,0,0,0,0,0,0,0,0,0,1
1,0,1,1,0,0.877,0,0,0.4466,0,0,1,1,0,1,1,3,1,0,2,0,0,0,0,0,0,0,9,0,0,1,0,1,1,1,2,0,0,0,1,1,1,0,1,1
1,0,1,0,0,1,0,0,0,0,1,0,2,0,0,1,0,0,0,0,0,0,0,0,0,0,0,19,0,0,1,1,0,0,0,0,0,0,0,0,0,0,0,0,1
1,1,1,0,0,1,0,0,0,0,2,0,3,0,0,3,1,1,0,1,0,0,0,2,0,0,0,7,0,0,1,0,0,0,0,1,0,0,1,0,0,0,0,0,1
1,1,1,0,0,0.87,0,0,-0.0516,0,1,0,2,0,0,2,1,1,0,0,0,0,0,1,0,0,0,1,0,0,0,0,0,1,0,1,0,1,0,0,0,0,0,1,1
1,0,1,0,0,1,0,0,0,0,2,1,0,0,0,1,0,0,0,0,0,0,0,0,0,0,0,21,0,0,0,1,0,0,0,0,0,0,0,0,0,0,0,0,1
1,0,1,0,1,0.488,0,0,-0.6763,0,0,0,5,0,0,1,1,1,0,1,0,0,0,2,0,0,0,5,0,0,2,0,0,1,0,2,0,0,0,0,1,0,0,1,1
1,0,1,1,0,1,0,0,0,0,2,0,1,0,0,2,0,0,0,0,0,0,0,0,0,0,0,16,0,0,0,0,0,0,0,0,0,0,0,0,0,0,0,0,1
1,0,1,0,0,1,0,0,0,0,1,1,2,0,0,1,0,1,0,0,0,0,0,0,0,0,0,16,0,0,0,0,0,0,0,0,0,0,0,0,0,0,0,0,1
1,1,1,0,0,0.569,0,0,0.8442,0,1,0,6,0,0,2,0,2,0,0,0,0,0,0,2,0,0,3,0,0,0,0,0,0,0,2,0,0,0,0,0,0,0,0,1
1,1,1,1,1,0.817,0,0,0.2003,0,0,0,3,0,0,0,1,2,0,0,0,0,0,0,0,0,0,3,1,0,0,0,0,0,0,1,0,0,0,0,0,0,0,0,1
1,0,1,0,0,1,0,0,0,0,2,0,1,0,0,1,0,0,0,0,0,0,0,0,0,0,0,20,0,0,0,0,0,0,0,0,0,0,0,0,0,0,0,0,1
0,1,1,0,0,1,0,0,0,0,1,0,3,0,0,3,0,2,0,0,0,0,0,0,0,0,0,2,0,0,0,0,0,0,0,0,0,0,0,0,0,0,0,0,1
1,0,1,0,0,1,0,0,0,0,2,0,1,0,0,1,0,0,0,0,0,0,0,0,0,0,0,19,0,0,0,0,0,0,0,0,0,0,0,0,0,0,0,0,1
0,1,0,0,0,0.89,0,0,0.3291,0,1,0,10,0,0,6,0,0,0,4,0,0,0,0,3,0,0,0,0,0,0,0,0,0,0,1,1,0,1,0,1,0,0,0,1
1,0,1,0,0,1,0,0,0,0,2,0,0,0,0,1,0,1,0,0,0,0,0,0,0,0,0,11,0,0,0,0,0,0,0,0,0,0,0,0,0,0,0,0,1
1,1,1,0,1,1,0,0,0,0,1,0,4,0,0,0,0,1,0,0,0,0,0,0,0,0,0,1,0,0,1,0,0,1,0,1,0,0,0,0,0,0,0,1,1
1,1,1,1,0,0.745,0,0,-0.6249,0,1,0,3,0,0,4,0,0,0,0,0,0,0,1,2,0,0,7,1,0,0,0,0,0,0,0,0,0,0,0,1,0,0,0,1
1,0,1,0,0,1,0,0,0,0,2,0,1,0,0,2,0,1,0,0,0,0,0,0,0,0,0,19,0,0,0,0,0,0,0,0,0,0,0,0,0,0,0,0,1
1,1,1,0,0,0.828,0,0,0.4019,0,1,1,6,0,0,1,1,1,0,1,0,0,0,0,1,0,0,4,0,0,0,0,0,0,0,1,0,0,0,0,0,0,0,0,1
1,1,1,0,0,0.734,0,0,0.4404,0,1,0,4,0,0,2,0,0,0,0,0,0,0,0,0,0,0,4,0,0,0,0,0,0,0,0,0,0,0,0,0,0,0,0,1
1,0,1,0,0,1,0,0,0,0,2,0,0,0,0,2,0,1,0,0,0,0,0,0,0,0,0,22,0,0,0,0,0,0,0,0,0,0,0,0,0,0,0,0,1
0,1,0,0,0,0.936,0,0,0.0258,0,0,0,5,0,1,2,0,0,0,3,0,0,0,1,1,0,0,1,0,0,0,1,0,0,0,1,1,0,0,0,0,0,0,0,1
1,1,1,0,1,0.633,0,0,0.8268,0,1,1,4,0,0,2,0,1,0,0,0,0,0,0,1,0,0,8,0,0,0,0,1,2,0,1,0,0,1,0,1,1,0,2,1
0,1,1,0,0,1,0,0,0,0,1,0,3,0,1,2,0,1,0,0,0,0,0,0,1,0,0,5,0,0,1,0,0,0,0,0,0,0,1,0,0,0,0,0,1
1,0,1,0,0,1,0,0,0,0,2,0,0,0,0,2,0,1,0,0,0,0,0,0,0,0,0,19,0,0,0,0,0,0,0,0,0,0,0,0,0,0,0,0,1
1,0,1,1,1,1,0,0,0,0,2,0,3,0,0,2,1,0,0,0,0,0,0,0,1,0,0,10,0,0,0,1,0,0,0,0,0,0,0,0,1,0,0,0,1
1,1,1,0,1,0.88,0,0,0.3786,0,1,0,6,0,1,2,0,2,0,3,0,0,0,1,2,0,0,6,0,0,0,0,0,0,0,2,0,0,2,0,0,0,0,0,1
1,0,1,0,0,1,0,0,0,0,2,0,1,0,0,1,0,0,0,0,0,0,0,0,0,0,0,20,0,0,0,0,0,0,0,0,0,0,0,0,0,0,0,0,1
1,1,1,0,0,1,0,0,0,0,1,0,3,0,0,1,0,2,0,1,0,0,0,0,1,0,0,0,0,0,0,0,0,0,0,0,0,0,0,0,0,0,0,0,1
1,1,1,0,0,1,0,0,0,0,1,0,3,0,0,2,0,0,0,0,0,0,0,0,1,0,0,10,0,0,0,0,0,0,0,0,0,0,0,0,0,0,0,0,1
1,1,1,0,1,0.871,0,0,0.3023,0,1,0,5,0,0,1,0,1,0,1,0,1,0,0,1,0,0,3,0,0,0,0,0,1,0,0,0,0,2,0,0,0,0,1,1
1,0,1,0,0,1,0,0,0,0,2,0,0,0,0,2,0,0,0,0,0,0,0,0,0,0,0,14,0,0,0,0,0,0,0,0,0,0,0,0,1,0,0,0,1
1,1,1,0,0,0.848,0,0,0.3612,0,1,0,5,0,1,1,1,2,0,1,0,0,0,1,0,0,0,2,1,0,1,0,0,0,0,1,0,0,0,0,0,0,0,0,1
1,1,1,0,0,1,0,0,0,0,1,0,4,0,0,1,1,2,0,1,0,0,0,0,0,0,0,1,0,0,0,0,0,0,0,1,0,0,0,0,0,0,0,0,1
1,1,1,1,0,1,0,0,0,0,0,0,3,0,0,2,0,1,0,0,0,0,0,0,2,0,0,8,0,0,1,0,0,0,0,0,0,0,1,0,0,0,0,0,1
1,1,1,0,0,1,0,0,0,0,1,0,2,0,0,2,0,0,0,0,0,0,0,0,1,0,0,11,0,0,0,0,0,0,0,0,0,0,0,0,0,0,0,0,1
1,0,1,0,0,1,0,0,0,0,2,0,1,0,0,1,0,0,0,0,0,0,0,0,0,0,0,20,0,0,0,0,0,0,0,0,0,0,0,0,0,0,0,0,1
1,0,1,0,0,0.932,0,0,0.0258,0,1,0,3,0,0,0,0,0,0,0,0,0,0,1,1,0,0,4,0,0,0,0,2,1,0,1,0,1,0,0,2,2,0,1,1
1,0,1,0,0,1,0,0,0,0,2,0,0,0,0,2,0,1,0,0,0,0,0,0,0,0,0,19,0,0,0,0,0,0,0,0,0,0,0,0,0,0,0,0,1
1,1,1,0,0,0.607,0,0,0.6739,0,1,0,3,0,0,1,0,0,0,0,0,0,0,0,0,0,0,4,0,0,0,0,0,0,0,1,0,0,0,0,0,0,0,0,1
1,0,1,0,0,1,0,0,0,0,2,0,1,0,0,1,0,0,0,0,0,0,0,0,0,0,0,21,0,0,0,0,0,0,0,0,0,0,0,0,0,0,0,0,1
1,0,1,0,0,1,0,0,0,0,2,0,2,0,0,4,0,1,0,0,0,0,0,0,0,0,0,12,0,0,0,0,0,0,0,0,0,0,0,0,0,0,0,0,1
1,1,1,0,0,1,0,0,0,0,1,0,4,0,0,2,0,0,0,0,0,0,0,0,1,0,0,9,0,0,0,0,0,0,0,0,0,0,0,0,0,0,0,0,1
1,1,1,0,0,1,0,0,0,0,1,0,7,0,0,3,1,1,0,3,0,0,0,0,0,0,0,3,1,0,1,0,0,0,0,2,0,0,0,0,1,0,0,0,1
1,1,1,0,1,1,0,0,0,0,0,0,2,0,0,0,4,1,0,0,0,0,0,0,1,0,0,4,1,0,1,0,0,2,0,0,0,0,1,1,1,0,0,2,1
1,0,1,0,1,1,0,0,0,0,0,0,2,0,0,5,0,0,0,0,0,0,0,0,0,0,0,8,0,0,1,0,0,1,0,0,0,0,0,0,0,0,0,1,1
1,1,1,0,0,1,0,0,0,0,1,1,5,0,0,2,0,1,0,0,0,0,0,0,0,0,0,0,0,0,0,0,0,1,0,1,0,0,0,0,0,0,0,1,1
1,1,1,0,0,1,0,0,0,0,0,0,4,0,1,1,0,1,0,1,0,0,0,1,0,0,0,5,1,0,2,1,0,2,0,1,0,0,1,0,1,0,0,2,1
1,1,1,0,0,0.87,0,0,-0.0516,0,1,0,2,0,0,2,1,1,0,0,0,0,0,1,0,0,0,1,0,0,0,0,0,1,0,1,0,1,0,0,0,0,0,1,1
1,1,1,0,0,1,0,0,0,0,1,0,2,0,0,2,0,0,0,0,0,0,0,0,1,0,0,11,0,0,0,0,0,0,0,0,0,0,0,0,0,0,0,0,1
1,1,1,0,0,1,0,0,0,0,1,0,4,0,0,1,0,0,0,0,0,0,0,0,0,0,0,15,0,0,0,1,0,0,0,0,0,0,0,0,0,0,0,0,1
1,0,1,0,1,0.834,0,0,0.658,0,0,0,3,0,3,2,0,1,0,1,0,0,0,3,0,0,0,6,0,0,1,0,0,2,0,2,0,0,2,0,1,0,0,2,1
1,0,1,0,0,1,0,0,0,0,2,0,0,0,0,2,0,1,0,0,0,0,0,0,0,0,0,21,0,0,0,0,0,0,0,0,0,0,0,0,0,0,0,0,1
1,1,1,0,0,1,0,0,0,0,1,0,5,0,0,2,1,2,0,0,0,0,0,0,0,0,0,1,0,0,0,0,0,0,0,2,0,0,0,0,0,0,0,0,1
1,1,1,0,0,0.828,0,0,0.4019,0,1,1,6,0,0,1,1,1,0,1,0,0,0,0,1,0,0,4,0,0,0,0,0,0,0,1,0,0,0,0,0,0,0,0,1
1,0,1,0,0,0.844,0,0,-0.3412,0,1,0,4,0,0,2,1,1,0,1,0,0,0,0,0,0,0,7,0,0,1,0,0,0,0,2,0,0,0,0,0,0,0,0,-1
1,0,1,0,0,0.711,0,0,0.7845,0,0,0,8,0,1,2,0,1,0,1,0,0,0,2,0,0,0,4,0,0,0,0,0,1,0,1,0,0,0,0,0,0,0,1,1
1,1,1,0,0,0.753,0,0,0.3182,0,1,0,4,0,0,2,0,1,0,0,0,0,0,0,0,0,0,2,0,0,0,0,0,0,0,0,0,0,0,0,0,0,0,0,1
1,1,1,0,0,0.753,0,0,0.3182,0,1,0,4,0,0,2,0,1,0,0,0,0,0,0,0,0,0,2,0,0,0,0,0,0,0,0,0,0,0,0,0,0,0,0,1
1,0,1,0,0,1,0,0,0,0,2,0,0,0,0,2,0,0,0,0,0,0,0,0,0,0,0,14,0,0,0,0,0,0,0,0,0,0,0,0,1,0,0,0,1
1,0,1,0,0,1,0,0,0,0,2,0,0,0,0,2,0,1,0,0,0,0,0,0,0,0,0,23,0,0,0,0,0,0,0,0,0,0,0,0,0,0,0,0,1
1,0,1,0,0,0.524,0,0,0.683,0,0,0,0,0,0,0,2,1,0,0,0,0,0,4,0,0,0,7,0,0,1,0,0,2,0,0,0,0,0,0,1,0,0,2,-1
1,1,1,1,0,0.745,0,0,-0.6249,0,1,0,3,0,0,4,0,0,0,0,0,0,0,1,2,0,0,7,1,0,0,0,0,0,0,0,0,0,0,0,1,0,0,0,1
1,0,1,0,1,1,0,0,0,0,1,0,4,0,2,0,0,1,0,1,0,0,0,1,1,0,0,9,0,0,0,0,0,0,0,2,0,0,1,0,0,0,0,0,1
1,1,1,1,1,0.817,0,0,0.2003,0,0,0,3,0,0,0,1,2,0,0,0,0,0,0,0,0,0,3,1,0,0,0,0,0,0,1,0,0,0,0,0,0,0,0,1
1,0,1,0,0,1,0,0,0,0,1,1,3,0,0,3,0,1,0,0,0,0,0,0,0,0,0,12,0,0,0,1,0,0,0,0,0,0,0,0,0,0,0,0,1
0,1,1,0,1,0.838,0,0,0.4738,0,1,0,3,0,1,1,1,0,0,1,0,0,0,1,0,0,0,9,0,0,1,0,0,0,0,1,0,0,1,0,0,0,0,0,1
1,1,1,0,1,0.851,0,0,0.4199,0,1,0,3,0,1,1,1,0,0,1,0,0,0,1,0,0,0,10,0,0,1,0,0,0,0,1,0,0,1,0,0,0,0,0,1
1,0,1,0,0,1,0,0,0,0,2,0,1,0,0,1,0,0,0,0,0,0,0,0,0,0,0,20,0,0,0,0,0,0,0,0,0,0,0,0,0,0,0,0,1
1,0,1,0,0,0.612,0,0,-0.4019,0,2,0,2,0,0,1,0,0,0,1,0,0,0,0,0,0,0,15,0,0,0,0,0,0,0,0,0,0,1,0,0,0,0,0,1
1,0,1,0,0,0.913,0,0,0.25,0,2,0,5,0,2,1,0,0,0,0,0,0,0,2,0,0,0,9,0,0,1,1,0,0,0,2,0,0,3,0,0,0,0,0,1
1,0,1,0,0,0.588,0,0,0.8591,0,2,0,2,0,1,1,1,0,0,0,0,0,0,0,0,0,0,11,0,0,1,0,1,0,0,2,0,0,1,0,0,1,0,0,1
1,1,1,0,0,1,0,0,0,0,1,0,4,0,0,1,1,2,0,1,0,0,0,0,0,0,0,1,0,0,0,0,0,0,0,1,0,0,0,0,0,0,0,0,1
1,0,1,0,0,1,0,0,0,0,2,0,0,0,0,2,0,1,0,0,0,0,0,0,0,0,0,19,0,0,0,0,0,0,0,0,0,0,0,0,0,0,0,0,1
1,0,1,1,1,0.895,0,0,-0.3802,0,0,2,6,0,0,1,1,0,0,0,0,0,1,0,2,0,0,6,1,0,0,0,1,2,0,1,0,0,0,0,2,1,0,2,1
1,0,1,0,0,1,0,0,0,0,2,0,0,0,0,2,0,1,0,0,0,0,0,0,0,0,0,21,0,0,0,0,0,0,0,0,0,0,0,0,0,0,0,0,1
1,0,1,0,0,1,0,0,0,0,1,0,1,0,1,2,0,1,0,0,0,0,0,0,0,0,0,19,0,0,0,2,0,0,0,0,0,0,0,0,0,0,0,0,1
1,0,1,0,0,0.844,0,0,-0.3412,0,1,0,4,0,0,2,1,1,0,1,0,0,0,0,0,0,0,7,0,0,1,0,0,0,0,2,0,0,0,0,0,0,0,0,-1
1,0,1,0,0,1,0,0,0,0,2,0,0,0,0,2,0,1,0,0,0,0,0,0,0,0,0,18,0,0,0,0,0,0,0,0,0,0,0,0,0,0,0,0,1
1,0,1,1,0,0.909,0,0,0.25,0,2,1,5,0,1,1,1,0,0,2,0,0,0,0,2,0,0,8,0,0,0,1,0,0,0,1,0,0,1,0,0,0,0,0,1
1,1,1,0,0,0.853,0,0,0.4767,0,1,0,7,0,0,3,0,0,0,2,0,0,0,0,1,0,0,2,0,0,1,0,0,0,0,4,0,0,0,0,0,0,0,0,1
1,0,1,0,0,1,0,0,0,0,1,0,1,0,0,0,0,0,0,0,0,0,0,0,0,0,0,18,0,0,0,0,0,0,0,0,0,0,0,0,0,0,0,0,1
1,0,1,0,0,1,0,0,0,0,1,0,3,0,0,1,0,1,0,0,0,0,0,0,0,0,0,12,0,0,0,0,0,0,0,0,3,0,0,0,0,0,0,0,1
1,0,1,0,1,1,0,0,0,0,0,0,4,0,0,0,1,0,0,4,0,0,0,2,3,0,0,4,0,0,1,0,0,2,0,2,0,0,2,0,0,0,0,2,1
1,0,1,0,0,1,0,0,0,0,2,0,0,0,0,2,0,1,0,0,0,0,0,0,0,0,0,21,0,0,0,0,0,0,0,0,0,0,0,0,0,0,0,0,1
1,1,1,0,1,1,0,0,0,0,1,0,7,0,0,2,0,0,0,0,0,0,0,0,0,0,0,5,0,0,0,0,0,0,0,0,0,0,1,0,0,0,0,0,1
1,1,1,0,0,1,0,0,0,0,1,0,5,0,0,0,0,0,0,0,0,0,0,1,0,0,0,8,0,0,1,0,0,0,0,0,0,1,0,0,1,0,0,0,1
1,0,1,0,0,1,0,0,0,0,2,0,1,0,0,1,0,0,0,0,0,0,0,0,0,0,0,20,0,0,0,0,0,0,0,0,0,0,0,0,0,0,0,0,1
1,0,1,0,0,0.612,0,0,-0.4019,0,2,0,2,0,0,1,0,0,0,1,0,0,0,0,0,0,0,15,0,0,0,0,0,0,0,0,0,0,1,0,0,0,0,0,1
1,0,1,0,0,0.913,0,0,0.25,0,2,0,5,0,2,1,0,0,0,0,0,0,0,2,0,0,0,9,0,0,1,1,0,0,0,2,0,0,3,0,0,0,0,0,1
1,0,1,0,0,0.588,0,0,0.8591,0,2,0,2,0,1,1,1,0,0,0,0,0,0,0,0,0,0,11,0,0,1,0,1,0,0,2,0,0,1,0,0,1,0,0,1
1,1,1,0,0,1,0,0,0,0,1,0,4,0,0,1,1,2,0,1,0,0,0,0,0,0,0,1,0,0,0,0,0,0,0,1,0,0,0,0,0,0,0,0,1
1,0,1,0,0,1,0,0,0,0,2,0,0,0,0,2,0,1,0,0,0,0,0,0,0,0,0,19,0,0,0,0,0,0,0,0,0,0,0,0,0,0,0,0,1
1,0,1,1,1,0.895,0,0,-0.3802,0,0,2,6,0,0,1,1,0,0,0,0,0,1,0,2,0,0,6,1,0,0,0,1,2,0,1,0,0,0,0,2,1,0,2,1
0,1,1,1,0,1,0,0,0,0,0,0,7,0,2,0,1,2,0,3,0,0,0,1,0,0,0,2,0,0,1,1,1,1,0,0,0,0,1,0,0,1,0,1,1
1,0,1,0,1,0.667,0,0,0.6114,0,1,0,1,0,0,1,0,0,0,0,0,0,0,0,0,0,0,14,0,0,0,0,0,0,0,0,0,0,0,0,0,0,0,0,1
1,0,1,0,0,1,0,0,0,0,2,0,1,0,0,1,0,0,0,0,0,0,0,0,0,0,0,20,0,0,0,0,0,0,0,0,0,0,0,0,0,0,0,0,1
1,0,1,0,0,0.612,0,0,-0.4019,0,2,0,2,0,0,1,0,0,0,1,0,0,0,0,0,0,0,15,0,0,0,0,0,0,0,0,0,0,1,0,0,0,0,0,1
1,0,1,0,0,0.913,0,0,0.25,0,2,0,5,0,2,1,0,0,0,0,0,0,0,2,0,0,0,9,0,0,1,1,0,0,0,2,0,0,3,0,0,0,0,0,1
1,1,0,0,0,1,0,0,0,0,1,0,3,0,0,0,0,0,0,0,0,0,0,0,0,0,0,3,0,0,0,0,0,0,0,0,0,0,0,0,0,0,0,0,1
1,1,1,0,0,0.811,0,0,-0.5423,0,0,1,2,0,0,1,2,0,0,0,0,0,0,1,0,0,0,9,0,0,1,1,1,0,0,1,0,0,0,0,0,1,0,0,1
0,1,0,1,1,0.512,0,0,0.953,0,0,0,5,0,0,3,1,0,0,3,0,0,0,2,0,0,0,2,1,0,0,1,0,3,1,0,0,0,1,0,2,0,0,3,1
1,1,0,0,1,0.744,0,0,0.784,0,1,0,6,0,0,1,1,0,0,3,0,0,0,1,0,0,0,2,1,0,0,1,0,3,1,0,0,0,1,0,2,0,0,3,1
1,0,1,0,0,1,0,0,0,0,2,0,1,0,0,1,0,0,0,0,0,0,0,0,0,0,0,20,0,0,0,0,0,0,0,0,0,0,0,0,0,0,0,0,1
1,0,1,0,0,0.612,0,0,-0.4019,0,2,0,2,0,0,1,0,0,0,1,0,0,0,0,0,0,0,15,0,0,0,0,0,0,0,0,0,0,1,0,0,0,0,0,1
1,0,1,0,0,0.913,0,0,0.25,0,2,0,5,0,2,1,0,0,0,0,0,0,0,2,0,0,0,9,0,0,1,1,0,0,0,2,0,0,3,0,0,0,0,0,1
1,0,1,0,0,0.588,0,0,0.8591,0,2,0,2,0,1,1,1,0,0,0,0,0,0,0,0,0,0,11,0,0,1,0,1,0,0,2,0,0,1,0,0,1,0,0,1
1,1,1,0,0,1,0,0,0,0,1,0,4,0,0,1,1,2,0,1,0,0,0,0,0,0,0,1,0,0,0,0,0,0,0,1,0,0,0,0,0,0,0,0,1
0,1,0,0,0,0.818,0,0,0.6115,0,1,0,3,0,1,2,1,0,0,3,0,0,0,1,0,0,0,4,0,0,0,1,0,0,0,2,0,0,0,0,1,0,0,0,1
1,1,1,0,0,1,0,0,0,0,1,0,3,0,0,1,0,0,0,0,0,0,0,0,0,0,0,16,0,0,0,0,0,0,0,0,0,0,0,0,0,0,0,0,1
0,1,0,1,1,0.769,0,0,0.6588,0,0,0,5,0,0,2,0,1,0,2,0,0,0,2,1,0,0,1,0,0,0,0,1,4,0,2,0,0,1,1,2,1,0,4,1
1,1,1,0,1,0.757,0,0,0.4389,0,1,0,3,0,0,4,0,0,0,0,0,0,0,0,0,0,0,6,0,0,0,0,0,0,0,0,0,0,0,0,0,0,0,0,1
1,0,1,0,0,1,0,0,0,0,2,0,1,0,0,1,0,0,0,0,0,0,0,0,0,0,0,20,0,0,0,0,0,0,0,0,0,0,0,0,0,0,0,0,1
1,0,1,0,0,0.612,0,0,-0.4019,0,2,0,2,0,0,1,0,0,0,1,0,0,0,0,0,0,0,15,0,0,0,0,0,0,0,0,0,0,1,0,0,0,0,0,1
1,0,1,0,0,0.913,0,0,0.25,0,2,0,5,0,2,1,0,0,0,0,0,0,0,2,0,0,0,9,0,0,1,1,0,0,0,2,0,0,3,0,0,0,0,0,1
0,0,0,0,0,0.633,0,0,0.1531,0,1,0,3,0,2,1,1,0,0,0,0,0,0,2,1,0,0,1,0,0,0,0,0,0,0,1,0,0,0,0,0,0,0,0,1
1,0,1,0,0,1,0,0,0,0,1,0,0,0,0,1,1,0,0,2,0,0,0,0,0,0,0,4,0,0,0,0,0,2,0,0,0,0,0,0,1,0,0,2,1
0,1,0,1,0,1,0,0,0,0,1,0,2,0,0,1,0,0,0,0,0,0,0,0,0,0,0,22,0,0,0,0,0,0,0,0,0,0,0,0,0,0,0,0,1
1,1,1,0,0,1,0,0,0,0,1,0,2,0,0,1,0,0,0,0,0,0,0,0,0,0,0,19,0,0,0,0,0,0,0,0,0,0,0,0,0,0,0,0,1
1,0,1,0,0,1,0,0,0,0,2,0,1,0,0,1,0,0,0,0,0,0,0,0,0,0,0,20,0,0,0,0,0,0,0,0,0,0,0,0,0,0,0,0,1
1,0,1,0,0,0.612,0,0,-0.4019,0,2,0,2,0,0,1,0,0,0,1,0,0,0,0,0,0,0,15,0,0,0,0,0,0,0,0,0,0,1,0,0,0,0,0,1
1,0,1,0,0,0.913,0,0,0.25,0,2,0,5,0,2,1,0,0,0,0,0,0,0,2,0,0,0,9,0,0,1,1,0,0,0,2,0,0,3,0,0,0,0,0,1
1,0,1,0,0,0.588,0,0,0.8591,0,2,0,2,0,1,1,1,0,0,0,0,0,0,0,0,0,0,11,0,0,1,0,1,0,0,2,0,0,1,0,0,1,0,0,1
1,1,1,0,0,1,0,0,0,0,1,0,4,0,0,1,1,2,0,1,0,0,0,0,0,0,0,1,0,0,0,0,0,0,0,1,0,0,0,0,0,0,0,0,1
1,0,1,0,0,1,0,0,0,0,2,0,0,0,0,2,0,1,0,0,0,0,0,0,0,0,0,19,0,0,0,0,0,0,0,0,0,0,0,0,0,0,0,0,1
1,0,1,1,1,0.895,0,0,-0.3802,0,0,2,6,0,0,1,1,0,0,0,0,0,1,0,2,0,0,6,1,0,0,0,1,2,0,1,0,0,0,0,2,1,0,2,1
1,0,1,0,0,1,0,0,0,0,2,0,0,0,0,2,0,1,0,0,0,0,0,0,0,0,0,21,0,0,0,0,0,0,0,0,0,0,0,0,0,0,0,0,1
1,0,1,0,0,1,0,0,0,0,1,0,1,0,1,2,0,1,0,0,0,0,0,0,0,0,0,19,0,0,0,2,0,0,0,0,0,0,0,0,0,0,0,0,1
1,0,1,0,0,0.844,0,0,-0.3412,0,1,0,4,0,0,2,1,1,0,1,0,0,0,0,0,0,0,7,0,0,1,0,0,0,0,2,0,0,0,0,0,0,0,0,-1
1,0,1,0,0,1,0,0,0,0,2,0,0,0,0,2,0,1,0,0,0,0,0,0,0,0,0,18,0,0,0,0,0,0,0,0,0,0,0,0,0,0,0,0,1
1,0,1,1,0,0.909,0,0,0.25,0,2,1,5,0,1,1,1,0,0,2,0,0,0,0,2,0,0,8,0,0,0,1,0,0,0,1,0,0,1,0,0,0,0,0,1
1,1,1,0,0,0.853,0,0,0.4767,0,1,0,7,0,0,3,0,0,0,2,0,0,0,0,1,0,0,2,0,0,1,0,0,0,0,4,0,0,0,0,0,0,0,0,1
1,0,1,0,0,1,0,0,0,0,1,0,1,0,0,0,0,0,0,0,0,0,0,0,0,0,0,18,0,0,0,0,0,0,0,0,0,0,0,0,0,0,0,0,1
1,0,1,0,0,1,0,0,0,0,1,0,3,0,0,1,0,1,0,0,0,0,0,0,0,0,0,12,0,0,0,0,0,0,0,0,3,0,0,0,0,0,0,0,1
1,0,1,0,1,1,0,0,0,0,0,0,4,0,0,0,1,0,0,4,0,0,0,2,3,0,0,4,0,0,1,0,0,2,0,2,0,0,2,0,0,0,0,2,1
1,0,1,0,0,1,0,0,0,0,2,0,0,0,0,2,0,1,0,0,0,0,0,0,0,0,0,21,0,0,0,0,0,0,0,0,0,0,0,0,0,0,0,0,1
1,0,1,0,0,0.847,0,0,0.5574,0,2,0,4,1,1,2,0,3,0,2,0,0,0,1,0,0,0,2,0,0,1,0,0,0,0,3,0,0,1,0,0,0,0,0,1
1,1,1,0,1,0.886,0,0,0.3786,0,0,0,6,0,1,0,1,1,0,1,0,0,0,2,0,0,0,6,0,0,2,0,0,2,0,2,0,0,1,0,0,0,0,2,1
1,0,1,0,0,1,0,0,0,0,2,0,1,0,0,3,0,1,0,0,0,0,0,0,0,0,0,17,0,0,0,0,0,0,0,0,0,0,0,0,0,0,0,0,1
1,0,1,0,1,1,0,0,0,0,1,0,4,0,2,0,0,1,0,1,0,0,0,1,1,0,0,9,0,0,0,0,0,0,0,2,0,0,1,0,0,0,0,0,1
1,1,1,0,0,1,0,0,0,0,1,1,5,0,0,2,0,1,0,0,0,0,0,0,0,0,0,0,0,0,0,0,0,1,0,1,0,0,0,0,0,0,0,1,1
1,0,1,0,0,1,0,0,0,0,2,0,0,0,0,2,0,1,0,0,0,0,0,0,0,0,0,22,0,0,0,0,0,0,0,0,0,0,0,0,0,0,0,0,1
1,0,1,0,0,1,0,0,0,0,2,0,0,0,0,2,0,1,0,0,0,0,0,0,0,0,0,23,0,0,0,0,0,0,0,0,0,0,0,0,0,0,0,0,1
1,0,1,1,0,0.877,0,0,0.4466,0,0,1,1,0,1,1,3,1,0,2,0,0,0,0,0,0,0,9,0,0,1,0,1,1,1,2,0,0,0,1,1,1,0,1,1
1,0,1,0,0,1,0,0,0,0,1,0,2,0,0,1,0,0,0,0,0,0,0,0,0,0,0,19,0,0,1,1,0,0,0,0,0,0,0,0,0,0,0,0,1
1,1,1,0,0,1,0,0,0,0,2,0,3,0,0,3,1,1,0,1,0,0,0,2,0,0,0,7,0,0,1,0,0,0,0,1,0,0,1,0,0,0,0,0,1
1,1,0,0,0,1,0,0,0,0,1,1,6,0,0,0,0,0,0,0,0,0,0,0,0,0,0,14,0,0,0,1,0,0,0,0,0,0,0,0,0,0,0,0,1
1,1,0,0,0,1,0,0,0,0,1,0,5,0,0,0,0,0,0,0,0,0,0,0,0,0,0,15,0,0,0,1,0,0,0,0,0,0,0,0,0,0,0,0,1
0,1,1,0,0,0.872,0,0,0.3612,0,0,0,2,0,0,1,0,1,0,4,0,0,0,0,1,0,0,6,0,0,0,0,0,1,0,1,0,0,0,0,2,0,0,1,1
1,1,1,0,0,1,0,0,0,0,1,0,2,0,0,1,0,0,0,0,0,0,0,0,0,0,0,18,0,0,0,0,0,0,0,0,0,0,0,0,0,0,0,0,1
0,1,1,0,0,1,0,0,0,0,1,0,5,0,0,1,0,0,0,0,0,0,0,0,0,0,0,1,0,0,0,0,0,0,0,0,0,0,0,0,0,0,0,0,1
1,1,1,0,0,1,0,0,0,0,1,0,2,0,0,1,0,0,0,0,0,0,0,0,0,0,0,19,0,0,0,0,0,0,0,0,0,0,0,0,0,0,0,0,1
1,0,1,0,0,1,0,0,0,0,2,0,1,0,0,1,0,0,0,0,0,0,0,0,0,0,0,20,0,0,0,0,0,0,0,0,0,0,0,0,0,0,0,0,1
0,1,0,0,0,1,0,0,0,0,1,0,2,0,0,0,0,0,0,0,0,0,0,0,0,0,0,19,0,0,0,0,0,0,0,0,0,0,0,0,0,0,0,0,1
1,1,1,0,0,1,0,0,0,0,1,0,2,0,0,1,0,0,0,0,0,0,0,0,0,0,0,18,0,0,0,0,0,0,0,0,0,0,0,0,0,0,0,0,1
1,0,1,0,0,1,0,0,0,0,2,0,1,0,0,1,0,0,0,0,0,0,0,0,0,0,0,20,0,0,0,0,0,0,0,0,0,0,0,0,0,0,0,0,1
1,0,1,0,0,0.612,0,0,-0.4019,0,2,0,2,0,0,1,0,0,0,1,0,0,0,0,0,0,0,15,0,0,0,0,0,0,0,0,0,0,1,0,0,0,0,0,-1
1,0,1,0,0,0.913,0,0,0.25,0,2,0,5,0,2,1,0,0,0,0,0,0,0,2,0,0,0,9,0,0,1,1,0,0,0,2,0,0,3,0,0,0,0,0,1
1,0,1,0,0,0.588,0,0,0.8591,0,2,0,2,0,1,1,1,0,0,0,0,0,0,0,0,0,0,11,0,0,1,0,1,0,0,2,0,0,1,0,0,1,0,0,1
1,1,1,0,0,1,0,0,0,0,1,0,4,0,0,1,1,2,0,1,0,0,0,0,0,0,0,1,0,0,0,0,0,0,0,1,0,0,0,0,0,0,0,0,1
1,0,1,0,0,1,0,0,0,0,2,0,0,0,0,2,0,1,0,0,0,0,0,0,0,0,0,19,0,0,0,0,0,0,0,0,0,0,0,0,0,0,0,0,1
1,0,1,1,1,0.895,0,0,-0.3802,0,0,2,6,0,0,1,1,0,0,0,0,0,1,0,2,0,0,6,1,0,0,0,1,2,0,1,0,0,0,0,2,1,0,2,-1
1,0,1,0,0,1,0,0,0,0,2,0,0,0,0,2,0,1,0,0,0,0,0,0,0,0,0,21,0,0,0,0,0,0,0,0,0,0,0,0,0,0,0,0,1
1,0,1,0,0,1,0,0,0,0,1,0,1,0,1,2,0,1,0,0,0,0,0,0,0,0,0,19,0,0,0,2,0,0,0,0,0,0,0,0,0,0,0,0,1
1,0,1,0,0,0.844,0,0,-0.3412,0,1,0,4,0,0,2,1,1,0,1,0,0,0,0,0,0,0,7,0,0,1,0,0,0,0,2,0,0,0,0,0,0,0,0,-1
1,0,1,0,0,1,0,0,0,0,2,0,0,0,0,2,0,1,0,0,0,0,0,0,0,0,0,18,0,0,0,0,0,0,0,0,0,0,0,0,0,0,0,0,1
1,0,1,1,0,0.909,0,0,0.25,0,2,1,5,0,1,1,1,0,0,2,0,0,0,0,2,0,0,8,0,0,0,1,0,0,0,1,0,0,1,0,0,0,0,0,1
1,1,1,0,0,0.853,0,0,0.4767,0,1,0,7,0,0,3,0,0,0,2,0,0,0,0,1,0,0,2,0,0,1,0,0,0,0,4,0,0,0,0,0,0,0,0,1
1,0,1,0,0,1,0,0,0,0,1,0,1,0,0,0,0,0,0,0,0,0,0,0,0,0,0,18,0,0,0,0,0,0,0,0,0,0,0,0,0,0,0,0,1
1,0,1,0,0,1,0,0,0,0,1,0,3,0,0,1,0,1,0,0,0,0,0,0,0,0,0,12,0,0,0,0,0,0,0,0,3,0,0,0,0,0,0,0,1
1,0,1,0,1,1,0,0,0,0,0,0,4,0,0,0,1,0,0,4,0,0,0,2,3,0,0,4,0,0,1,0,0,2,0,2,0,0,2,0,0,0,0,2,1
1,0,1,0,0,1,0,0,0,0,2,0,0,0,0,2,0,1,0,0,0,0,0,0,0,0,0,21,0,0,0,0,0,0,0,0,0,0,0,0,0,0,0,0,1
1,0,1,0,0,0.847,0,0,0.5574,0,2,0,4,1,1,2,0,3,0,2,0,0,0,1,0,0,0,2,0,0,1,0,0,0,0,3,0,0,1,0,0,0,0,0,1
1,1,1,0,1,0.886,0,0,0.3786,0,0,0,6,0,1,0,1,1,0,1,0,0,0,2,0,0,0,6,0,0,2,0,0,2,0,2,0,0,1,0,0,0,0,2,1
1,0,1,0,0,1,0,0,0,0,2,0,1,0,0,3,0,1,0,0,0,0,0,0,0,0,0,17,0,0,0,0,0,0,0,0,0,0,0,0,0,0,0,0,1
1,0,0,1,0,0.691,0,0,0.1531,0,1,0,2,1,0,2,0,1,0,0,0,0,0,1,1,0,0,5,0,0,0,0,0,2,0,1,0,0,0,0,2,0,0,2,1
1,0,1,1,0,0.807,0,0,-0.4336,0,2,0,1,0,0,2,3,1,0,0,0,0,0,0,0,0,0,6,0,0,1,0,0,1,0,0,0,0,1,0,1,0,0,1,1
0,0,0,0,0,0.608,0,0,0.1531,0,0,0,0,0,0,1,1,1,0,1,0,0,0,0,0,0,0,3,0,0,0,0,0,1,0,2,0,0,0,1,1,0,0,1,1
1,0,1,0,0,0.665,0,0,-0.0201,0,1,0,2,0,0,1,1,0,0,0,0,0,0,0,0,0,0,4,0,0,0,0,0,0,0,0,0,0,0,0,0,0,0,0,1
1,1,1,0,0,1,0,0,0,0,1,0,2,0,0,1,0,0,0,0,0,0,0,0,0,0,0,24,0,0,0,0,0,0,0,0,0,0,0,0,0,0,0,0,1
1,1,1,0,0,1,0,0,0,0,1,0,3,0,0,0,0,0,0,1,0,0,0,0,0,0,0,14,0,0,0,0,0,0,0,0,0,0,0,0,0,0,0,0,1
0,1,1,0,0,0.708,0,0,-0.4939,0,1,2,3,0,0,2,1,1,0,0,0,0,0,1,0,0,0,4,0,0,0,0,0,2,0,1,0,1,1,1,0,0,0,2,1
1,1,0,0,0,0.601,0,0,0.8834,0,1,2,4,0,0,1,3,0,0,1,0,0,0,2,0,0,0,4,1,0,0,0,0,2,0,2,0,2,0,0,0,0,0,2,1
1,1,1,0,0,1,0,0,0,0,1,0,4,0,0,0,0,0,0,0,0,0,0,0,0,0,0,13,0,0,0,0,0,0,0,0,0,0,0,0,0,0,0,0,1
1,1,1,0,0,1,0,0,0,0,1,0,4,0,0,0,0,0,0,0,0,0,0,0,0,0,0,13,0,0,0,0,0,0,0,0,0,0,0,0,0,0,0,0,1
0,1,0,0,0,0.826,0,0,-0.5563,0,0,0,2,0,0,2,3,2,0,1,0,0,0,1,1,0,0,2,0,0,0,0,0,1,0,0,0,1,2,0,1,0,0,1,-1
1,1,0,0,0,0.755,0,0,-0.1027,0,1,0,5,0,0,2,0,0,0,2,0,0,0,1,0,0,0,4,0,0,0,0,0,3,0,2,0,1,0,0,0,0,0,3,1
1,0,1,0,0,1,0,0,0,0,2,0,1,0,0,1,0,0,0,0,0,0,0,0,0,0,0,20,0,0,0,0,0,0,0,0,0,0,0,0,0,0,0,0,1
0,1,1,0,0,0.882,0,0,0.34,0,0,0,5,0,0,1,0,0,0,3,0,0,0,1,0,0,0,9,0,0,0,1,0,0,0,2,0,0,1,0,0,0,0,0,1
1,1,1,0,0,1,0,0,0,0,1,0,4,0,0,3,1,1,0,0,0,0,0,0,0,0,0,4,0,0,0,0,0,0,0,0,0,0,0,0,0,0,0,0,1
1,0,0,0,0,1,0,0,0,0,2,0,1,0,0,1,0,0,0,0,0,0,0,0,1,0,0,1,0,0,0,0,0,0,0,0,0,0,0,0,1,0,0,0,1
1,0,1,0,0,1,0,0,0,0,1,0,1,0,0,0,0,0,0,0,0,0,0,0,1,0,0,2,0,0,0,0,0,0,0,0,0,0,0,0,1,0,0,0,1
0,1,0,0,0,1,0,0,0,0,0,0,7,0,1,2,0,0,0,0,0,0,0,2,1,0,0,0,0,0,0,0,0,0,0,1,0,0,0,0,1,0,0,0,1
1,0,1,0,1,0.777,0,0,0.6496,0,1,0,2,0,0,1,1,0,0,0,0,0,0,2,0,0,0,13,0,0,0,0,0,0,0,1,0,0,1,0,0,0,0,0,1
0,1,0,0,0,0.59,0,0,-0.4168,0,0,0,2,0,0,0,1,0,0,0,0,0,0,0,0,0,0,0,0,1,0,1,0,0,0,0,0,0,0,1,0,0,0,0,1
1,1,1,0,1,1,0,0,0,0,1,0,4,0,0,2,0,0,0,0,0,0,0,0,0,0,0,6,0,0,0,0,0,0,0,0,0,0,0,0,0,0,0,0,1
1,1,1,0,0,1,0,0,0,0,1,0,3,0,0,0,0,0,0,0,0,0,0,0,0,0,0,14,0,0,0,0,0,0,0,0,0,0,0,0,0,0,0,0,1
1,1,1,0,0,1,0,0,0,0,1,0,3,0,0,0,0,0,0,0,0,0,0,0,0,0,0,16,0,0,0,0,0,0,0,0,0,0,0,0,0,0,0,0,1
0,1,1,0,1,0.819,0,0,0.4738,0,1,0,4,0,0,0,0,1,0,1,0,0,0,2,0,0,0,2,0,0,0,0,0,2,0,1,0,1,2,0,0,0,0,2,1
1,0,1,0,0,0.538,0,0,0.7184,0,2,0,2,0,0,0,0,0,0,0,0,0,0,0,0,0,0,7,0,0,0,0,0,0,0,0,0,0,0,0,1,0,0,0,1
1,0,1,0,0,1,0,0,0,0,2,0,1,0,0,1,0,0,0,0,0,0,0,0,0,0,0,20,0,0,0,0,0,0,0,0,0,0,0,0,0,0,0,0,1
1,0,1,0,0,0.612,0,0,-0.4019,0,2,0,2,0,0,1,0,0,0,1,0,0,0,0,0,0,0,15,0,0,0,0,0,0,0,0,0,0,1,0,0,0,0,0,-1
1,0,1,0,0,0.913,0,0,0.25,0,2,0,5,0,2,1,0,0,0,0,0,0,0,2,0,0,0,9,0,0,1,1,0,0,0,2,0,0,3,0,0,0,0,0,1
1,0,1,0,0,0.588,0,0,0.8591,0,2,0,2,0,1,1,1,0,0,0,0,0,0,0,0,0,0,11,0,0,1,0,1,0,0,2,0,0,1,0,0,1,0,0,1
1,1,1,0,0,1,0,0,0,0,1,0,4,0,0,1,1,2,0,1,0,0,0,0,0,0,0,1,0,0,0,0,0,0,0,1,0,0,0,0,0,0,0,0,1
1,0,1,0,0,1,0,0,0,0,2,0,0,0,0,2,0,1,0,0,0,0,0,0,0,0,0,19,0,0,0,0,0,0,0,0,0,0,0,0,0,0,0,0,1
1,1,0,0,1,0.481,0,0,0.9537,1,0,1,6,0,0,1,0,1,0,2,0,0,0,0,3,0,0,3,0,0,0,0,0,2,0,3,0,0,0,0,1,0,0,2,1
1,1,1,0,1,0.614,0,0,0.6588,0,1,0,4,0,0,1,0,1,0,0,0,0,0,0,0,0,0,3,0,0,0,0,0,0,0,1,0,0,0,0,1,0,0,0,1
0,1,1,0,1,0.786,0,0,0.6219,0,1,0,4,0,1,4,1,0,0,0,0,0,0,2,0,0,0,6,0,0,0,0,0,1,0,2,0,0,1,0,0,0,0,1,1
1,0,1,0,0,1,0,0,0,0,1,0,3,0,0,1,1,0,0,0,0,0,0,0,0,0,0,4,0,0,0,0,0,0,0,0,0,0,0,0,0,0,0,0,1
1,0,1,0,0,1,0,0,0,0,2,0,1,0,0,1,0,0,0,0,0,0,0,0,0,0,0,20,0,0,0,0,0,0,0,0,0,0,0,0,0,0,0,0,1
1,0,1,0,0,0.612,0,0,-0.4019,0,2,0,2,0,0,1,0,0,0,1,0,0,0,0,0,0,0,15,0,0,0,0,0,0,0,0,0,0,1,0,0,0,0,0,1
1,0,1,0,0,0.913,0,0,0.25,0,2,0,5,0,2,1,0,0,0,0,0,0,0,2,0,0,0,9,0,0,1,1,0,0,0,2,0,0,3,0,0,0,0,0,1
1,0,1,0,0,0.588,0,0,0.8591,0,2,0,2,0,1,1,1,0,0,0,0,0,0,0,0,0,0,11,0,0,1,0,1,0,0,2,0,0,1,0,0,1,0,0,1
1,1,1,0,0,0.855,0,0,0.4995,0,1,0,5,1,0,1,0,0,0,0,0,0,0,1,1,0,0,10,0,0,1,1,0,0,0,0,0,0,3,0,1,0,0,0,1
1,0,1,0,0,1,0,0,0,0,2,0,2,0,0,0,1,1,0,0,0,0,0,0,0,0,0,5,0,0,0,0,0,0,0,0,0,0,0,0,0,0,0,0,1
1,0,1,0,0,1,0,0,0,0,2,0,1,0,0,1,0,0,0,0,0,0,0,0,0,0,0,20,0,0,0,0,0,0,0,0,0,0,0,0,0,0,0,0,1
1,0,1,0,0,0.612,0,0,-0.4019,0,2,0,2,0,0,1,0,0,0,1,0,0,0,0,0,0,0,15,0,0,0,0,0,0,0,0,0,0,1,0,0,0,0,0,1
1,0,1,0,0,0.913,0,0,0.25,0,2,0,5,0,2,1,0,0,0,0,0,0,0,2,0,0,0,9,0,0,1,1,0,0,0,2,0,0,3,0,0,0,0,0,1
1,0,1,0,0,0.588,0,0,0.8591,0,2,0,2,0,1,1,1,0,0,0,0,0,0,0,0,0,0,11,0,0,1,0,1,0,0,2,0,0,1,0,0,1,0,0,1
1,1,1,0,0,1,0,0,0,0,1,0,4,0,0,1,1,2,0,1,0,0,0,0,0,0,0,1,0,0,0,0,0,0,0,1,0,0,0,0,0,0,0,0,1
1,0,1,0,0,1,0,0,0,0,2,0,0,0,0,2,0,1,0,0,0,0,0,0,0,0,0,19,0,0,0,0,0,0,0,0,0,0,0,0,0,0,0,0,1
1,0,1,1,1,0.895,0,0,-0.3802,0,0,2,6,0,0,1,1,0,0,0,0,0,1,0,2,0,0,6,1,0,0,0,1,2,0,1,0,0,0,0,2,1,0,2,-1
1,0,1,0,0,1,0,0,0,0,2,0,0,0,0,2,0,1,0,0,0,0,0,0,0,0,0,21,0,0,0,0,0,0,0,0,0,0,0,0,0,0,0,0,1
1,0,1,0,0,1,0,0,0,0,1,0,1,0,1,2,0,1,0,0,0,0,0,0,0,0,0,19,0,0,0,2,0,0,0,0,0,0,0,0,0,0,0,0,1
1,0,1,0,0,0.844,0,0,-0.3412,0,1,0,4,0,0,2,1,1,0,1,0,0,0,0,0,0,0,7,0,0,1,0,0,0,0,2,0,0,0,0,0,0,0,0,-1
1,0,1,0,0,1,0,0,0,0,2,0,0,0,0,2,0,1,0,0,0,0,0,0,0,0,0,18,0,0,0,0,0,0,0,0,0,0,0,0,0,0,0,0,1
1,0,1,1,0,0.909,0,0,0.25,0,2,1,5,0,1,1,1,0,0,2,0,0,0,0,2,0,0,8,0,0,0,1,0,0,0,1,0,0,1,0,0,0,0,0,1
1,0,0,1,0,0.672,0,0,0.5267,0,1,0,2,0,0,0,0,0,0,1,0,0,0,0,1,0,0,7,0,0,0,0,0,0,0,1,0,0,1,0,0,0,0,0,1
1,1,1,0,0,0.843,0,0,-0.3818,0,1,1,2,0,1,2,0,0,0,1,0,0,0,1,1,0,0,3,1,0,0,0,0,1,0,2,0,0,0,1,1,0,0,1,1
1,1,0,0,0,1,0,0,0,0,1,1,7,0,0,1,1,0,0,0,0,0,0,0,0,0,0,6,0,0,1,1,0,0,0,0,0,0,0,0,0,0,0,0,1
1,1,0,0,0,1,0,0,0,0,1,2,5,0,0,1,1,0,0,0,0,0,0,0,0,0,0,7,0,0,1,2,0,0,0,0,0,0,0,0,0,0,0,0,1
1,0,1,0,0,1,0,0,0,0,2,0,1,0,0,1,0,0,0,0,0,0,0,0,0,0,0,20,0,0,0,0,0,0,0,0,0,0,0,0,0,0,0,0,1
0,1,0,0,0,0.776,0,0,-0.5994,0,1,2,6,0,1,2,0,1,0,1,0,0,0,1,2,0,0,4,0,0,1,0,0,0,0,1,0,0,1,0,0,0,0,0,-1
1,1,1,0,0,0.818,0,0,0.1689,0,0,1,3,0,1,2,2,0,0,0,0,0,0,2,1,0,0,6,0,0,1,0,0,0,0,1,0,0,1,1,0,0,0,0,-1
0,1,0,0,0,1,0,0,0,0,0,0,1,0,0,0,0,0,0,0,0,0,0,0,1,0,0,0,0,0,0,0,0,0,0,0,0,0,0,0,0,0,0,0,1
1,1,1,0,1,1,0,0,0,0,1,2,3,0,0,3,2,0,0,1,0,0,0,0,0,0,0,4,0,0,0,0,0,2,0,2,0,0,0,0,2,0,0,2,1
0,1,0,0,0,0.556,0,0,0.4939,0,0,0,2,0,0,1,1,0,0,0,0,0,0,0,0,0,0,0,0,0,1,0,0,0,0,1,0,0,0,0,0,0,0,0,1
1,1,1,0,0,0.833,0,0,0.4939,0,1,0,6,0,0,0,0,0,0,2,0,0,1,1,1,0,0,4,0,0,0,0,0,1,0,3,0,1,0,0,0,0,0,1,1
0,1,1,0,0,1,0,0,0,0,1,0,4,0,1,6,0,0,0,0,0,0,0,0,0,0,0,1,0,0,0,0,0,0,0,0,0,0,0,1,1,0,0,0,1
0,0,1,0,0,1,0,0,0,0,2,0,0,0,0,0,2,0,0,0,0,0,0,0,0,0,0,10,0,0,0,0,0,0,0,0,0,0,0,0,0,0,0,0,1
0,1,0,0,0,0.815,0,0,0.5106,0,0,0,5,0,0,2,0,0,0,2,0,0,0,0,2,0,0,3,0,0,2,1,0,1,0,2,0,0,0,0,2,0,0,1,1
1,1,1,0,0,0.559,0,0,-0.7964,0,1,0,6,0,0,0,0,1,0,1,0,0,0,0,1,0,0,2,0,0,0,0,0,0,0,1,0,0,0,0,1,0,0,0,-1
1,1,1,0,1,0.559,0,0,0.8356,0,0,0,3,0,0,2,0,1,0,0,0,0,0,0,0,0,0,8,0,0,2,0,0,0,0,1,0,0,0,0,0,0,0,0,1
1,1,0,0,0,1,0,0,0,0,1,0,5,0,0,2,0,0,0,0,0,0,0,0,0,0,0,12,0,0,1,0,0,0,0,0,0,0,0,0,0,0,0,0,1
1,0,1,0,0,0.687,0,0,0.6249,0,1,0,1,0,1,1,0,0,0,0,0,0,0,1,0,0,0,12,0,0,0,0,0,0,0,0,0,0,0,0,0,0,0,0,1
1,0,1,0,1,0.764,0,0,0.5255,0,2,0,3,0,0,1,0,2,0,0,0,0,0,1,1,0,0,9,0,0,0,0,0,0,0,0,0,0,1,0,0,0,0,0,1
1,1,0,0,0,0.859,0,0,-0.4215,0,1,0,6,0,0,1,0,2,0,1,0,0,0,1,1,0,0,3,0,0,0,0,1,2,0,2,0,0,0,0,2,1,0,2,1
1,1,0,0,0,0.7,0,0,0.8074,0,1,0,7,0,0,1,1,0,0,1,0,0,0,1,1,0,0,1,0,0,0,0,0,1,0,4,0,1,1,0,3,0,0,1,1
0,1,1,0,0,0.691,0,0,0.7003,0,1,0,4,0,1,0,0,0,0,1,0,0,0,3,0,0,0,4,0,0,0,0,0,1,0,1,0,0,1,0,0,0,0,1,1
1,1,0,0,0,0.635,0,0,0.7845,1,1,1,6,0,1,1,0,0,0,0,0,0,0,2,1,0,0,3,0,0,0,1,0,0,0,0,0,0,0,0,0,0,0,0,1
1,0,1,0,0,1,0,0,0,0,2,0,1,0,0,1,0,0,0,0,0,0,0,0,0,0,0,20,0,0,0,0,0,0,0,0,0,0,0,0,0,0,0,0,1
0,1,1,0,1,0.639,0,0,0.8622,0,1,1,7,0,1,1,0,0,0,2,0,0,0,1,1,0,0,3,0,0,0,1,0,0,0,2,0,0,1,1,0,0,0,0,1
1,1,0,0,0,0.631,0,0,0.9136,0,1,0,3,0,1,3,1,0,0,1,0,0,0,2,2,0,0,3,0,0,0,0,0,1,0,3,0,1,1,0,3,0,0,1,1
1,0,1,0,0,1,0,0,0,0,2,0,1,0,0,1,0,0,0,0,0,0,0,0,0,0,0,20,0,0,0,0,0,0,0,0,0,0,0,0,0,0,0,0,1
1,0,1,0,0,0.612,0,0,-0.4019,0,2,0,2,0,0,1,0,0,0,1,0,0,0,0,0,0,0,15,0,0,0,0,0,0,0,0,0,0,1,0,0,0,0,0,1
1,0,1,0,0,0.913,0,0,0.25,0,2,0,5,0,2,1,0,0,0,0,0,0,0,2,0,0,0,9,0,0,1,1,0,0,0,2,0,0,3,0,0,0,0,0,1
1,0,1,0,0,0.588,0,0,0.8591,0,2,0,2,0,1,1,1,0,0,0,0,0,0,0,0,0,0,11,0,0,1,0,1,0,0,2,0,0,1,0,0,1,0,0,1
1,1,1,0,0,1,0,0,0,0,1,0,4,0,0,1,1,2,0,1,0,0,0,0,0,0,0,1,0,0,0,0,0,0,0,1,0,0,0,0,0,0,0,0,1
1,0,1,0,0,1,0,0,0,0,2,0,0,0,0,2,0,1,0,0,0,0,0,0,0,0,0,19,0,0,0,0,0,0,0,0,0,0,0,0,0,0,0,0,1
0,1,1,0,0,0.73,0,0,0.1779,0,1,0,4,0,2,3,1,0,0,3,0,0,1,0,0,0,0,3,0,0,0,0,0,3,0,1,0,0,0,1,2,0,0,3,-1
1,1,0,0,0,1,0,0,0,0,1,0,6,0,0,1,0,0,0,1,0,0,0,0,0,0,0,15,0,0,0,0,0,0,0,0,0,0,0,0,0,0,0,0,1
1,1,0,0,0,0.649,0,0,0.3832,0,1,1,8,0,0,0,2,0,0,4,0,0,0,1,0,0,0,3,0,0,0,0,0,1,0,2,0,1,1,0,0,0,0,1,1
1,1,1,0,1,0.613,0,0,0.8945,0,0,2,3,0,1,2,1,2,0,0,0,0,0,2,0,0,0,2,0,0,1,0,0,5,0,0,0,0,1,0,2,0,0,5,1
0,1,0,1,1,0.718,0,0,0.7088,0,0,1,5,0,0,2,1,1,0,2,0,0,0,1,0,0,0,2,0,0,1,0,0,2,0,1,0,0,0,1,1,0,0,2,1
1,0,1,1,1,0.872,0,0,-0.3595,0,1,0,4,0,1,1,1,1,0,1,0,0,0,2,1,0,0,3,0,0,0,0,1,2,0,1,0,0,1,0,0,1,0,2,1
0,1,0,0,0,1,0,0,0,0,1,0,2,0,0,0,0,0,0,0,0,0,0,0,0,0,0,19,0,0,0,0,0,0,0,0,0,0,0,0,0,0,0,0,1
1,1,1,0,0,1,0,0,0,0,1,0,2,0,0,1,0,0,0,0,0,0,0,0,0,0,0,17,0,0,0,0,0,0,0,0,0,0,0,0,0,0,0,0,1
0,1,0,0,0,1,0,0,0,0,1,0,2,0,0,1,0,0,0,0,0,0,0,0,0,0,0,17,0,0,0,0,0,0,0,0,0,0,0,0,1,0,0,0,1
1,1,0,0,0,1,0,0,0,0,1,0,2,0,0,2,0,0,0,0,0,0,0,0,0,0,0,18,0,0,0,0,0,0,0,0,0,0,0,0,1,0,0,0,1
0,1,1,0,0,1,0,0,0,0,1,1,2,0,0,0,0,1,0,0,0,0,0,0,0,0,0,16,0,0,0,2,0,0,0,0,0,0,0,0,0,0,0,0,1
1,1,1,0,0,1,0,0,0,0,1,1,2,0,0,1,0,1,0,0,0,0,0,0,1,0,0,13,0,0,0,2,0,0,0,0,0,0,0,0,0,0,0,0,1
0,1,1,0,0,1,0,0,0,0,0,0,2,0,0,0,1,0,0,0,0,0,0,0,0,0,0,18,0,0,0,0,0,0,0,0,0,0,0,0,0,0,0,0,1
1,1,1,0,0,1,0,0,0,0,1,0,5,0,0,0,0,0,0,0,0,0,0,0,0,0,0,12,0,0,0,0,0,0,0,0,0,0,1,0,0,0,0,0,1
0,1,1,0,0,1,0,0,0,0,1,0,2,0,0,0,0,0,0,0,0,0,0,0,0,0,0,20,0,0,0,0,0,0,0,0,0,0,0,0,0,0,0,0,1
1,1,1,0,0,1,0,0,0,0,1,0,2,0,0,1,0,0,0,0,0,0,0,1,0,0,0,16,0,0,0,0,0,0,0,0,0,1,0,0,0,0,0,0,1
1,1,1,0,0,1,0,0,0,0,1,1,2,0,0,1,0,0,0,0,0,0,0,1,0,0,0,14,0,0,0,1,0,0,0,0,0,1,0,0,0,0,0,0,1
1,1,1,0,0,1,0,0,0,0,1,0,3,0,0,0,0,0,0,0,0,0,0,2,0,0,0,11,0,0,0,0,0,0,0,0,0,2,0,0,0,0,0,0,1
0,1,0,0,0,0.779,0,0,0.5267,0,0,0,4,0,1,1,0,0,0,1,0,0,0,0,0,0,0,4,0,0,0,1,0,0,0,2,0,0,0,0,0,0,0,0,-1
1,0,1,0,0,1,0,0,0,0,1,0,3,0,0,0,0,1,0,2,0,0,0,0,2,0,0,7,0,0,0,0,0,0,0,1,0,0,0,0,0,0,0,0,1
1,1,1,0,0,0.802,0,0,0.5719,0,1,0,3,0,0,1,0,1,0,1,0,0,0,0,0,0,0,11,0,0,0,0,0,0,0,1,0,0,0,0,0,0,0,0,1
1,1,0,0,0,1,0,0,0,0,1,0,4,0,0,0,0,0,0,0,0,0,0,1,0,0,0,12,0,0,0,0,0,0,0,0,0,1,0,0,0,0,0,0,1
1,1,0,0,0,1,0,0,0,0,1,0,3,0,0,0,0,0,0,0,0,0,0,0,0,0,0,4,0,0,1,1,0,0,0,0,0,0,0,0,0,0,0,0,1
1,0,1,0,1,0.482,0,0,0.7418,0,1,0,3,0,0,0,1,1,0,0,0,0,0,0,0,0,0,6,0,0,1,0,0,2,0,0,0,0,0,1,1,0,0,2,1
1,1,1,0,0,0.848,0,0,0.1901,0,0,1,7,0,0,2,0,0,0,2,0,0,0,0,1,0,0,2,0,0,1,3,0,1,0,2,0,0,2,0,1,0,0,1,1
1,1,1,0,0,0.94,0,0,-0.024,0,1,0,6,0,0,3,0,0,0,4,0,0,0,1,2,0,0,0,0,1,0,2,0,0,0,2,0,0,0,0,1,0,0,0,1
0,1,0,0,0,0.812,0,0,-0.6597,0,1,0,5,0,1,1,0,1,0,2,0,0,0,1,0,0,0,6,1,0,1,0,0,1,0,1,0,0,0,0,0,0,0,1,-1
1,1,0,0,0,0.691,0,0,0.2023,0,0,0,5,0,1,4,1,1,0,1,0,0,0,1,2,0,0,1,0,0,2,0,0,1,0,2,0,0,1,0,0,0,0,1,1
0,1,0,0,1,1,0,0,0,0,0,0,7,0,0,2,0,0,0,0,0,0,0,0,0,0,0,1,0,0,0,1,0,0,0,0,0,0,0,0,0,0,0,0,1
1,1,1,0,0,1,0,0,0,0,1,0,2,0,0,1,0,0,0,0,0,0,0,0,0,0,0,15,0,0,0,0,0,0,0,0,0,0,0,0,0,0,0,0,1
1,1,0,0,0,0.748,0,0,0.6597,0,0,0,6,0,0,3,0,1,0,2,1,0,0,0,2,0,0,2,0,0,0,0,0,1,0,0,0,0,1,0,2,0,0,1,1
1,1,0,0,0,1,0,0,0,0,1,0,5,1,0,2,0,1,0,0,0,0,0,0,0,0,1,9,0,0,0,0,0,0,0,1,0,0,1,0,1,0,0,0,1
0,1,0,0,0,1,0,0,0,0,1,0,5,0,0,0,0,0,0,1,0,0,0,0,0,0,0,0,0,0,0,0,0,0,0,0,0,0,0,0,0,0,0,0,1
1,0,1,0,1,1,0,0,0,0,1,0,1,0,0,2,0,1,0,1,0,1,0,0,0,0,0,2,0,0,0,0,0,0,0,0,0,0,0,1,0,0,0,0,1
0,1,0,0,0,0.947,0,0,0.0772,0,1,0,2,1,2,1,1,1,0,1,0,0,0,3,2,0,0,2,0,0,1,0,1,4,0,1,0,0,0,0,3,1,0,4,1
0,1,0,1,0,0.888,0,0,0.3939,0,1,1,5,1,0,4,1,0,0,0,0,0,0,0,2,0,0,2,0,0,0,0,2,4,0,1,0,0,0,0,2,2,0,4,1
1,1,0,0,0,0.867,0,0,0.3818,0,2,1,6,0,0,2,1,0,1,0,0,0,0,3,0,0,0,5,0,0,0,0,0,1,0,0,0,2,2,0,0,0,0,1,1
1,1,0,0,0,0.766,0,0,0.5994,0,1,0,6,0,0,3,0,0,0,1,0,0,0,1,2,0,0,6,0,0,0,0,0,0,0,2,0,0,1,0,1,0,0,0,1
1,1,0,0,0,0.723,0,0,0.6948,0,1,0,5,0,0,0,2,0,0,1,0,0,0,1,2,0,0,8,0,1,1,0,0,0,0,0,0,0,0,0,1,0,0,0,1
1,1,0,0,0,0.75,0,0,0.6124,0,0,0,6,0,0,3,0,0,0,0,0,0,1,0,1,0,0,9,0,0,0,0,0,1,0,1,0,0,1,0,2,0,0,1,1
1,1,0,0,1,0.724,0,0,0.636,0,1,0,5,0,1,1,0,0,0,0,0,0,0,1,0,0,1,2,0,0,0,1,0,1,0,0,0,0,0,0,0,0,0,1,1
1,1,1,0,0,1,0,0,0,0,1,0,2,0,0,2,0,0,0,0,0,0,0,0,1,0,0,6,0,0,0,1,0,0,0,0,0,0,0,0,0,0,0,0,1
1,1,0,0,0,1,0,0,0,0,1,1,7,0,0,1,0,0,0,0,0,0,0,0,0,0,0,9,0,0,0,0,0,0,0,0,0,0,0,0,0,0,0,0,1
1,1,0,0,0,1,0,0,0,0,1,1,6,0,0,2,0,0,0,0,0,0,0,0,0,0,0,9,0,0,0,0,0,0,0,0,0,0,0,0,0,0,0,0,1
0,0,0,1,0,0.784,0,0,-0.6705,0,1,3,2,0,1,2,1,0,0,1,0,0,0,1,1,0,1,5,1,0,0,0,0,0,0,2,0,0,1,0,0,0,0,0,1
1,1,1,0,0,1,0,0,0,0,1,0,2,0,0,1,0,0,0,0,0,0,0,0,0,0,0,15,0,0,0,0,0,0,0,0,0,0,0,0,0,0,0,0,1
1,0,1,0,0,1,0,0,0,0,2,0,1,0,0,1,0,0,0,0,0,0,0,0,0,0,0,20,0,0,0,0,0,0,0,0,0,0,0,0,0,0,0,0,1
1,1,1,0,0,0.598,0,0,0.5719,0,0,1,3,0,0,2,0,1,0,0,0,0,0,0,0,0,0,1,0,0,1,0,1,1,0,0,0,0,0,0,0,1,0,1,1
1,1,0,0,0,0.885,0,0,-0.296,0,1,0,9,0,0,1,1,0,0,2,0,0,0,0,2,0,0,4,1,0,1,0,0,0,0,1,0,0,0,0,1,0,0,0,1
1,0,1,0,0,1,0,0,0,0,2,0,1,0,0,1,0,0,0,0,0,0,0,0,0,0,0,20,0,0,0,0,0,0,0,0,0,0,0,0,0,0,0,0,1
1,0,1,0,0,0.612,0,0,-0.4019,0,2,0,2,0,0,1,0,0,0,1,0,0,0,0,0,0,0,15,0,0,0,0,0,0,0,0,0,0,1,0,0,0,0,0,1
1,0,1,0,0,0.913,0,0,0.25,0,2,0,5,0,2,1,0,0,0,0,0,0,0,2,0,0,0,9,0,0,1,1,0,0,0,2,0,0,3,0,0,0,0,0,1
1,0,1,0,0,0.588,0,0,0.8591,0,2,0,2,0,1,1,1,0,0,0,0,0,0,0,0,0,0,11,0,0,1,0,1,0,0,2,0,0,1,0,0,1,0,0,1
1,1,1,0,0,1,0,0,0,0,1,0,4,0,0,1,1,2,0,1,0,0,0,0,0,0,0,1,0,0,0,0,0,0,0,1,0,0,0,0,0,0,0,0,1
0,1,1,0,1,1,0,0,0,0,2,0,5,0,0,2,0,0,0,2,0,0,0,0,2,0,0,5,0,0,1,0,0,1,0,1,0,0,0,0,2,0,0,1,1
1,0,1,0,0,1,0,0,0,0,2,0,0,0,0,1,0,0,0,0,0,0,0,0,0,0,0,6,0,0,0,1,0,0,0,0,0,0,0,0,1,0,0,0,1
1,1,1,0,1,1,0,0,0,0,1,0,5,0,0,2,1,1,0,1,0,0,0,0,0,0,0,6,0,0,0,1,0,0,0,1,0,0,1,0,0,0,0,0,1
1,1,1,0,1,1,0,0,0,0,1,0,6,0,0,0,1,0,0,1,0,0,0,0,0,0,0,9,0,0,0,1,0,0,0,1,0,0,1,0,0,0,0,0,1
1,0,1,0,0,1,0,0,0,0,2,0,1,0,0,1,0,0,0,0,0,0,0,0,0,0,0,20,0,0,0,0,0,0,0,0,0,0,0,0,0,0,0,0,1
1,0,1,0,0,0.612,0,0,-0.4019,0,2,0,2,0,0,1,0,0,0,1,0,0,0,0,0,0,0,15,0,0,0,0,0,0,0,0,0,0,1,0,0,0,0,0,1
1,0,1,0,0,0.913,0,0,0.25,0,2,0,5,0,2,1,0,0,0,0,0,0,0,2,0,0,0,9,0,0,1,1,0,0,0,2,0,0,3,0,0,0,0,0,1
1,0,1,0,0,0.588,0,0,0.8591,0,2,0,2,0,1,1,1,0,0,0,0,0,0,0,0,0,0,11,0,0,1,0,1,0,0,2,0,0,1,0,0,1,0,0,1
1,1,1,0,0,1,0,0,0,0,1,0,4,0,0,1,1,2,0,1,0,0,0,0,0,0,0,1,0,0,0,0,0,0,0,1,0,0,0,0,0,0,0,0,1
1,0,1,0,0,1,0,0,0,0,2,0,0,0,0,2,0,1,0,0,0,0,0,0,0,0,0,19,0,0,0,0,0,0,0,0,0,0,0,0,0,0,0,0,1
1,0,1,1,1,0.895,0,0,-0.3802,0,0,2,6,0,0,1,1,0,0,0,0,0,1,0,2,0,0,6,1,0,0,0,1,2,0,1,0,0,0,0,2,1,0,2,1
1,0,1,0,0,1,0,0,0,0,2,0,0,0,0,2,0,1,0,0,0,0,0,0,0,0,0,21,0,0,0,0,0,0,0,0,0,0,0,0,0,0,0,0,1
1,0,1,0,0,1,0,0,0,0,1,0,1,0,1,2,0,1,0,0,0,0,0,0,0,0,0,19,0,0,0,2,0,0,0,0,0,0,0,0,0,0,0,0,1
1,0,1,0,0,0.844,0,0,-0.3412,0,1,0,4,0,0,2,1,1,0,1,0,0,0,0,0,0,0,7,0,0,1,0,0,0,0,2,0,0,0,0,0,0,0,0,1
1,0,1,0,0,1,0,0,0,0,2,0,0,0,0,2,0,1,0,0,0,0,0,0,0,0,0,18,0,0,0,0,0,0,0,0,0,0,0,0,0,0,0,0,1
1,0,1,1,0,0.909,0,0,0.25,0,2,1,5,0,1,1,1,0,0,2,0,0,0,0,2,0,0,8,0,0,0,1,0,0,0,1,0,0,1,0,0,0,0,0,1
1,1,1,0,0,0.853,0,0,0.4767,0,1,0,7,0,0,3,0,0,0,2,0,0,0,0,1,0,0,2,0,0,1,0,0,0,0,4,0,0,0,0,0,0,0,0,1
1,0,1,0,0,1,0,0,0,0,1,0,1,0,0,0,0,0,0,0,0,0,0,0,0,0,0,18,0,0,0,0,0,0,0,0,0,0,0,0,0,0,0,0,1
1,0,1,0,0,1,0,0,0,0,1,0,3,0,0,1,0,1,0,0,0,0,0,0,0,0,0,12,0,0,0,0,0,0,0,0,3,0,0,0,0,0,0,0,1
1,0,1,0,1,1,0,0,0,0,0,0,4,0,0,0,1,0,0,4,0,0,0,2,3,0,0,4,0,0,1,0,0,2,0,2,0,0,2,0,0,0,0,2,1
1,0,1,0,0,1,0,0,0,0,2,0,0,0,0,2,0,1,0,0,0,0,0,0,0,0,0,21,0,0,0,0,0,0,0,0,0,0,0,0,0,0,0,0,1
1,0,1,0,0,0.847,0,0,0.5574,0,2,0,4,1,1,2,0,3,0,2,0,0,0,1,0,0,0,2,0,0,1,0,0,0,0,3,0,0,1,0,0,0,0,0,1
1,1,1,0,1,0.886,0,0,0.3786,0,0,0,6,0,1,0,1,1,0,1,0,0,0,2,0,0,0,6,0,0,2,0,0,2,0,2,0,0,1,0,0,0,0,2,1
1,0,1,0,0,1,0,0,0,0,2,0,1,0,0,3,0,1,0,0,0,0,0,0,0,0,0,17,0,0,0,0,0,0,0,0,0,0,0,0,0,0,0,0,1
1,0,1,0,1,1,0,0,0,0,1,0,4,0,2,0,0,1,0,1,0,0,0,1,1,0,0,9,0,0,0,0,0,0,0,2,0,0,1,0,0,0,0,0,1
1,1,1,0,0,1,0,0,0,0,1,1,5,0,0,2,0,1,0,0,0,0,0,0,0,0,0,0,0,0,0,0,0,1,0,1,0,0,0,0,0,0,0,1,1
1,0,1,0,0,1,0,0,0,0,2,0,0,0,0,2,0,1,0,0,0,0,0,0,0,0,0,22,0,0,0,0,0,0,0,0,0,0,0,0,0,0,0,0,1
1,0,1,0,0,1,0,0,0,0,2,0,0,0,0,2,0,1,0,0,0,0,0,0,0,0,0,23,0,0,0,0,0,0,0,0,0,0,0,0,0,0,0,0,1
1,0,1,1,0,0.877,0,0,0.4466,0,0,1,1,0,1,1,3,1,0,2,0,0,0,0,0,0,0,9,0,0,1,0,1,1,1,2,0,0,0,1,1,1,0,1,1
1,0,1,0,0,1,0,0,0,0,1,0,2,0,0,1,0,0,0,0,0,0,0,0,0,0,0,19,0,0,1,1,0,0,0,0,0,0,0,0,0,0,0,0,1
1,1,1,0,0,1,0,0,0,0,2,0,3,0,0,3,1,1,0,1,0,0,0,2,0,0,0,7,0,0,1,0,0,0,0,1,0,0,1,0,0,0,0,0,1
1,1,1,0,0,0.87,0,0,-0.0516,0,1,0,2,0,0,2,1,1,0,0,0,0,0,1,0,0,0,1,0,0,0,0,0,1,0,1,0,1,0,0,0,0,0,1,1
1,0,1,0,0,1,0,0,0,0,2,1,0,0,0,1,0,0,0,0,0,0,0,0,0,0,0,21,0,0,0,1,0,0,0,0,0,0,0,0,0,0,0,0,1
1,0,1,0,1,0.488,0,0,-0.6763,0,0,0,5,0,0,1,1,1,0,1,0,0,0,2,0,0,0,5,0,0,2,0,0,1,0,2,0,0,0,0,1,0,0,1,1
1,0,1,1,0,1,0,0,0,0,2,0,1,0,0,2,0,0,0,0,0,0,0,0,0,0,0,16,0,0,0,0,0,0,0,0,0,0,0,0,0,0,0,0,1
1,0,1,0,0,1,0,0,0,0,1,1,2,0,0,1,0,1,0,0,0,0,0,0,0,0,0,16,0,0,0,0,0,0,0,0,0,0,0,0,0,0,0,0,1
1,1,1,0,0,0.569,0,0,0.8442,0,1,0,6,0,0,2,0,2,0,0,0,0,0,0,2,0,0,3,0,0,0,0,0,0,0,2,0,0,0,0,0,0,0,0,1
1,1,1,1,1,0.817,0,0,0.2003,0,0,0,3,0,0,0,1,2,0,0,0,0,0,0,0,0,0,3,1,0,0,0,0,0,0,1,0,0,0,0,0,0,0,0,1
1,0,1,0,0,1,0,0,0,0,2,0,1,0,0,1,0,0,0,0,0,0,0,0,0,0,0,20,0,0,0,0,0,0,0,0,0,0,0,0,0,0,0,0,1
0,1,1,0,0,1,0,0,0,0,1,0,3,0,0,3,0,2,0,0,0,0,0,0,0,0,0,2,0,0,0,0,0,0,0,0,0,0,0,0,0,0,0,0,1
1,0,1,0,0,1,0,0,0,0,2,0,1,0,0,1,0,0,0,0,0,0,0,0,0,0,0,19,0,0,0,0,0,0,0,0,0,0,0,0,0,0,0,0,1
0,1,0,0,0,0.89,0,0,0.3291,0,1,0,10,0,0,6,0,0,0,4,0,0,0,0,3,0,0,0,0,0,0,0,0,0,0,1,1,0,1,0,1,0,0,0,1
1,0,1,0,0,1,0,0,0,0,2,0,0,0,0,1,0,1,0,0,0,0,0,0,0,0,0,11,0,0,0,0,0,0,0,0,0,0,0,0,0,0,0,0,1
1,1,1,0,1,1,0,0,0,0,1,0,4,0,0,0,0,1,0,0,0,0,0,0,0,0,0,1,0,0,1,0,0,1,0,1,0,0,0,0,0,0,0,1,1
1,1,1,1,0,0.745,0,0,-0.6249,0,1,0,3,0,0,4,0,0,0,0,0,0,0,1,2,0,0,7,1,0,0,0,0,0,0,0,0,0,0,0,1,0,0,0,1
1,0,1,0,0,1,0,0,0,0,2,0,1,0,0,2,0,1,0,0,0,0,0,0,0,0,0,19,0,0,0,0,0,0,0,0,0,0,0,0,0,0,0,0,1
1,1,1,0,0,0.828,0,0,0.4019,0,1,1,6,0,0,1,1,1,0,1,0,0,0,0,1,0,0,4,0,0,0,0,0,0,0,1,0,0,0,0,0,0,0,0,1
1,1,1,0,0,0.734,0,0,0.4404,0,1,0,4,0,0,2,0,0,0,0,0,0,0,0,0,0,0,4,0,0,0,0,0,0,0,0,0,0,0,0,0,0,0,0,1
1,0,1,0,0,1,0,0,0,0,2,0,0,0,0,2,0,1,0,0,0,0,0,0,0,0,0,22,0,0,0,0,0,0,0,0,0,0,0,0,0,0,0,0,1
0,1,0,0,0,0.936,0,0,0.0258,0,0,0,5,0,1,2,0,0,0,3,0,0,0,1,1,0,0,1,0,0,0,1,0,0,0,1,1,0,0,0,0,0,0,0,1
1,1,1,0,1,0.633,0,0,0.8268,0,1,1,4,0,0,2,0,1,0,0,0,0,0,0,1,0,0,8,0,0,0,0,1,2,0,1,0,0,1,0,1,1,0,2,1
0,1,1,0,0,1,0,0,0,0,1,0,3,0,1,2,0,1,0,0,0,0,0,0,1,0,0,5,0,0,1,0,0,0,0,0,0,0,1,0,0,0,0,0,1
1,0,1,0,0,1,0,0,0,0,2,0,0,0,0,2,0,1,0,0,0,0,0,0,0,0,0,19,0,0,0,0,0,0,0,0,0,0,0,0,0,0,0,0,1
1,0,1,1,1,1,0,0,0,0,2,0,3,0,0,2,1,0,0,0,0,0,0,0,1,0,0,10,0,0,0,1,0,0,0,0,0,0,0,0,1,0,0,0,1
1,1,1,0,1,0.88,0,0,0.3786,0,1,0,6,0,1,2,0,2,0,3,0,0,0,1,2,0,0,6,0,0,0,0,0,0,0,2,0,0,2,0,0,0,0,0,1
1,0,1,0,0,1,0,0,0,0,2,0,1,0,0,1,0,0,0,0,0,0,0,0,0,0,0,20,0,0,0,0,0,0,0,0,0,0,0,0,0,0,0,0,1
1,1,1,0,0,1,0,0,0,0,1,0,3,0,0,1,0,2,0,1,0,0,0,0,1,0,0,0,0,0,0,0,0,0,0,0,0,0,0,0,0,0,0,0,1
1,1,1,0,0,1,0,0,0,0,1,0,3,0,0,2,0,0,0,0,0,0,0,0,1,0,0,10,0,0,0,0,0,0,0,0,0,0,0,0,0,0,0,0,1
1,1,1,0,1,0.871,0,0,0.3023,0,1,0,5,0,0,1,0,1,0,1,0,1,0,0,1,0,0,3,0,0,0,0,0,1,0,0,0,0,2,0,0,0,0,1,1
1,0,1,0,0,1,0,0,0,0,2,0,0,0,0,2,0,0,0,0,0,0,0,0,0,0,0,14,0,0,0,0,0,0,0,0,0,0,0,0,1,0,0,0,1
1,1,1,0,0,0.848,0,0,0.3612,0,1,0,5,0,1,1,1,2,0,1,0,0,0,1,0,0,0,2,1,0,1,0,0,0,0,1,0,0,0,0,0,0,0,0,1
1,1,1,0,0,1,0,0,0,0,1,0,4,0,0,1,1,2,0,1,0,0,0,0,0,0,0,1,0,0,0,0,0,0,0,1,0,0,0,0,0,0,0,0,1
1,1,0,0,0,0.657,0,0,0.694,0,1,0,2,0,1,1,0,0,0,0,0,0,0,2,1,0,1,7,0,0,0,0,0,0,0,0,0,0,0,0,0,0,0,0,1
1,1,0,0,0,1,0,0,0,0,1,1,5,0,0,0,0,0,0,0,0,0,0,0,0,0,0,8,0,0,0,2,0,0,0,0,0,0,0,0,0,0,0,0,1
1,0,1,0,0,1,0,0,0,0,2,0,1,0,0,1,0,0,0,0,0,0,0,0,0,0,0,20,0,0,0,0,0,0,0,0,0,0,0,0,0,0,0,0,1
1,1,0,0,0,1,0,0,0,0,1,0,4,0,0,0,0,0,0,0,0,0,0,0,0,0,0,14,0,0,0,0,0,0,0,0,0,0,0,0,0,0,0,0,1
1,1,0,0,0,1,0,0,0,0,1,0,4,0,0,0,0,0,0,0,0,0,0,0,0,0,0,12,0,0,0,0,0,0,0,0,0,0,0,0,0,0,0,0,1
1,0,0,0,1,1,0,0,0,0,1,0,3,0,0,0,0,1,0,0,0,0,0,0,0,0,0,5,0,0,0,0,0,0,0,0,0,0,0,0,0,0,0,0,1
1,1,0,0,0,1,0,0,0,0,0,2,6,0,0,4,1,0,0,0,0,0,0,0,0,0,0,6,0,0,0,0,0,2,0,1,0,0,0,0,1,0,0,2,1
0,1,0,0,1,0.834,0,0,-0.4574,0,0,1,4,0,0,1,1,1,0,1,0,0,0,1,1,0,0,2,1,0,0,0,1,1,0,2,0,0,1,0,0,1,0,1,-1
1,0,1,0,0,0.857,0,0,0.3612,0,2,0,3,0,0,1,0,0,0,2,0,0,0,0,0,0,0,7,0,0,1,0,0,2,0,1,0,0,0,0,0,0,0,2,1
0,1,0,0,0,0.738,0,0,0.7783,0,0,0,6,0,2,1,1,2,0,3,0,0,0,4,0,0,0,1,0,0,1,0,0,2,0,3,0,0,4,0,2,0,0,2,1
1,1,1,0,0,1,0,0,0,0,1,0,3,0,0,1,0,1,0,2,0,0,0,0,0,0,0,4,0,0,0,0,0,0,0,0,0,0,0,0,0,0,0,0,1
0,1,0,0,0,0.829,0,0,-0.2273,0,1,0,4,0,0,2,1,0,0,2,0,0,0,2,3,0,0,3,0,0,0,0,0,1,0,0,0,0,1,0,1,0,0,1,1
1,1,0,0,0,1,0,0,0,1,1,1,6,0,0,1,1,0,0,2,0,0,0,0,1,0,0,4,0,0,0,0,0,0,0,1,0,0,0,0,0,0,0,0,1
0,1,0,0,0,1,0,0,0,0,0,0,2,0,0,1,3,0,0,0,0,0,0,3,0,0,0,0,0,0,0,0,1,3,0,0,0,0,1,0,3,1,0,3,1
1,1,0,0,1,0.891,0,0,-0.4003,0,1,1,5,0,0,5,0,0,0,2,0,0,0,2,0,0,0,2,0,0,0,0,0,2,0,4,0,2,2,0,1,0,0,2,1
1,0,0,0,0,1,0,0,0,0,1,1,5,0,1,0,1,0,0,0,0,0,0,1,0,0,0,2,0,0,0,0,0,1,0,0,0,0,0,0,0,0,0,1,1
1,0,1,0,1,0.744,0,0,-0.5848,0,0,0,3,0,0,2,1,1,0,1,0,0,0,0,0,0,0,2,0,0,1,0,0,0,0,1,0,1,0,1,1,0,0,0,1
1,1,0,0,0,1,0,0,0,0,1,0,4,0,0,1,0,0,0,0,0,0,0,0,0,0,0,13,0,0,0,0,0,0,0,0,0,0,0,0,0,0,0,0,1
1,1,0,0,0,1,0,0,0,0,1,0,6,0,0,0,0,0,0,0,0,0,0,0,0,0,0,12,0,0,0,0,0,0,0,0,0,0,0,0,0,0,0,0,1
1,1,1,0,1,1,0,0,0,0,1,1,3,0,0,1,1,0,0,0,0,0,1,0,0,0,0,4,0,0,1,2,0,1,0,2,0,0,0,0,1,0,0,1,1
1,0,1,0,1,0.799,0,0,0.5826,0,0,0,4,0,0,3,0,1,0,2,0,0,0,0,0,0,1,4,0,0,1,0,0,3,0,0,0,0,1,0,2,0,0,3,1
1,1,1,0,0,1,0,0,0,0,1,0,5,0,0,3,0,0,0,1,0,0,0,0,0,0,0,8,0,0,0,0,0,0,0,0,0,0,0,0,0,0,0,0,1
1,0,1,0,0,0.743,0,0,0.5859,0,1,0,1,0,1,4,0,1,0,0,0,0,0,1,0,0,0,4,0,0,1,0,0,0,0,1,0,0,0,0,0,0,0,0,1
1,0,1,0,0,1,0,0,0,0,2,0,1,0,0,1,0,0,0,0,0,0,0,0,0,0,0,20,0,0,0,0,0,0,0,0,0,0,0,0,0,0,0,0,1
1,0,1,0,0,0.612,0,0,-0.4019,0,2,0,2,0,0,1,0,0,0,1,0,0,0,0,0,0,0,15,0,0,0,0,0,0,0,0,0,0,1,0,0,0,0,0,1
1,0,1,0,0,0.913,0,0,0.25,0,2,0,5,0,2,1,0,0,0,0,0,0,0,2,0,0,0,9,0,0,1,1,0,0,0,2,0,0,3,0,0,0,0,0,1
1,0,1,0,0,0.588,0,0,0.8591,0,2,0,2,0,1,1,1,0,0,0,0,0,0,0,0,0,0,11,0,0,1,0,1,0,0,2,0,0,1,0,0,1,0,0,1
1,1,1,0,0,1,0,0,0,0,1,0,4,0,0,1,1,2,0,1,0,0,0,0,0,0,0,1,0,0,0,0,0,0,0,1,0,0,0,0,0,0,0,0,1
0,1,0,0,0,0.846,0,0,0.25,0,0,2,4,0,0,0,1,1,0,1,0,0,0,0,1,0,0,1,0,0,0,2,0,1,0,1,0,0,0,0,0,0,0,1,1
1,1,1,0,0,1,0,0,0,0,1,0,2,0,0,1,0,1,0,0,0,0,0,0,0,0,0,1,0,0,0,0,0,0,0,0,0,0,0,0,0,0,0,0,1
0,1,1,0,0,0.905,0,0,0.25,0,1,0,6,0,2,0,0,0,0,0,0,0,0,2,0,0,0,7,0,0,1,1,0,0,0,2,0,0,3,0,0,0,0,0,1
1,1,1,0,0,0.895,0,0,0.25,0,1,0,7,0,2,0,0,0,0,0,0,0,0,2,0,0,0,8,0,0,0,0,0,0,0,2,0,0,3,0,0,0,0,0,1
1,0,1,0,0,1,0,0,0,0,2,0,1,0,0,1,0,0,0,0,0,0,0,0,0,0,0,20,0,0,0,0,0,0,0,0,0,0,0,0,0,0,0,0,1
1,0,1,0,0,0.612,0,0,-0.4019,0,2,0,2,0,0,1,0,0,0,1,0,0,0,0,0,0,0,15,0,0,0,0,0,0,0,0,0,0,1,0,0,0,0,0,1
1,0,1,0,0,0.913,0,0,0.25,0,2,0,5,0,2,1,0,0,0,0,0,0,0,2,0,0,0,9,0,0,1,1,0,0,0,2,0,0,3,0,0,0,0,0,1
1,0,1,0,0,0.588,0,0,0.8591,0,2,0,2,0,1,1,1,0,0,0,0,0,0,0,0,0,0,11,0,0,1,0,1,0,0,2,0,0,1,0,0,1,0,0,1
1,1,1,0,0,1,0,0,0,0,1,0,4,0,0,1,1,2,0,1,0,0,0,0,0,0,0,1,0,0,0,0,0,0,0,1,0,0,0,0,0,0,0,0,1
1,0,1,0,0,1,0,0,0,0,2,0,0,0,0,2,0,1,0,0,0,0,0,0,0,0,0,19,0,0,0,0,0,0,0,0,0,0,0,0,0,0,0,0,1
1,0,1,1,1,0.895,0,0,-0.3802,0,0,2,6,0,0,1,1,0,0,0,0,0,1,0,2,0,0,6,1,0,0,0,1,2,0,1,0,0,0,0,2,1,0,2,1
1,0,1,0,0,1,0,0,0,0,2,0,0,0,0,2,0,1,0,0,0,0,0,0,0,0,0,21,0,0,0,0,0,0,0,0,0,0,0,0,0,0,0,0,1
1,0,1,0,0,1,0,0,0,0,1,0,1,0,1,2,0,1,0,0,0,0,0,0,0,0,0,19,0,0,0,2,0,0,0,0,0,0,0,0,0,0,0,0,1
1,0,1,0,0,0.844,0,0,-0.3412,0,1,0,4,0,0,2,1,1,0,1,0,0,0,0,0,0,0,7,0,0,1,0,0,0,0,2,0,0,0,0,0,0,0,0,1
1,0,1,0,0,1,0,0,0,0,2,0,0,0,0,2,0,1,0,0,0,0,0,0,0,0,0,18,0,0,0,0,0,0,0,0,0,0,0,0,0,0,0,0,1
1,0,1,1,0,0.909,0,0,0.25,0,2,1,5,0,1,1,1,0,0,2,0,0,0,0,2,0,0,8,0,0,0,1,0,0,0,1,0,0,1,0,0,0,0,0,1
1,1,1,0,0,0.853,0,0,0.4767,0,1,0,7,0,0,3,0,0,0,2,0,0,0,0,1,0,0,2,0,0,1,0,0,0,0,4,0,0,0,0,0,0,0,0,1
1,0,1,0,0,1,0,0,0,0,1,0,1,0,0,0,0,0,0,0,0,0,0,0,0,0,0,18,0,0,0,0,0,0,0,0,0,0,0,0,0,0,0,0,1
1,0,1,0,0,1,0,0,0,0,1,0,3,0,0,1,0,1,0,0,0,0,0,0,0,0,0,12,0,0,0,0,0,0,0,0,3,0,0,0,0,0,0,0,1
1,0,1,0,1,1,0,0,0,0,0,0,4,0,0,0,1,0,0,4,0,0,0,2,3,0,0,4,0,0,1,0,0,2,0,2,0,0,2,0,0,0,0,2,1
1,0,1,0,0,1,0,0,0,0,2,0,0,0,0,2,0,1,0,0,0,0,0,0,0,0,0,21,0,0,0,0,0,0,0,0,0,0,0,0,0,0,0,0,1
1,0,1,0,0,0.847,0,0,0.5574,0,2,0,4,1,1,2,0,3,0,2,0,0,0,1,0,0,0,2,0,0,1,0,0,0,0,3,0,0,1,0,0,0,0,0,1
1,1,1,0,1,0.886,0,0,0.3786,0,0,0,6,0,1,0,1,1,0,1,0,0,0,2,0,0,0,6,0,0,2,0,0,2,0,2,0,0,1,0,0,0,0,2,1
1,0,1,0,0,1,0,0,0,0,2,0,1,0,0,3,0,1,0,0,0,0,0,0,0,0,0,17,0,0,0,0,0,0,0,0,0,0,0,0,0,0,0,0,1
1,0,1,0,1,1,0,0,0,0,1,0,4,0,2,0,0,1,0,1,0,0,0,1,1,0,0,9,0,0,0,0,0,0,0,2,0,0,1,0,0,0,0,0,1
1,1,1,0,0,1,0,0,0,0,1,1,5,0,0,2,0,1,0,0,0,0,0,0,0,0,0,0,0,0,0,0,0,1,0,1,0,0,0,0,0,0,0,1,1
1,0,1,0,0,1,0,0,0,0,2,0,0,0,0,2,0,1,0,0,0,0,0,0,0,0,0,22,0,0,0,0,0,0,0,0,0,0,0,0,0,0,0,0,1
1,0,1,0,0,1,0,0,0,0,2,0,0,0,0,2,0,1,0,0,0,0,0,0,0,0,0,23,0,0,0,0,0,0,0,0,0,0,0,0,0,0,0,0,1
1,0,1,1,0,0.877,0,0,0.4466,0,0,1,1,0,1,1,3,1,0,2,0,0,0,0,0,0,0,9,0,0,1,0,1,1,1,2,0,0,0,1,1,1,0,1,1
1,0,1,0,0,1,0,0,0,0,1,0,2,0,0,1,0,0,0,0,0,0,0,0,0,0,0,19,0,0,1,1,0,0,0,0,0,0,0,0,0,0,0,0,1
1,1,1,0,0,1,0,0,0,0,2,0,3,0,0,3,1,1,0,1,0,0,0,2,0,0,0,7,0,0,1,0,0,0,0,1,0,0,1,0,0,0,0,0,1
1,1,1,0,0,0.87,0,0,-0.0516,0,1,0,2,0,0,2,1,1,0,0,0,0,0,1,0,0,0,1,0,0,0,0,0,1,0,1,0,1,0,0,0,0,0,1,1
1,0,1,0,0,1,0,0,0,0,2,1,0,0,0,1,0,0,0,0,0,0,0,0,0,0,0,21,0,0,0,1,0,0,0,0,0,0,0,0,0,0,0,0,1
1,0,1,0,1,0.488,0,0,-0.6763,0,0,0,5,0,0,1,1,1,0,1,0,0,0,2,0,0,0,5,0,0,2,0,0,1,0,2,0,0,0,0,1,0,0,1,1
1,0,1,1,0,1,0,0,0,0,2,0,1,0,0,2,0,0,0,0,0,0,0,0,0,0,0,16,0,0,0,0,0,0,0,0,0,0,0,0,0,0,0,0,1
1,0,1,0,0,1,0,0,0,0,1,1,2,0,0,1,0,1,0,0,0,0,0,0,0,0,0,16,0,0,0,0,0,0,0,0,0,0,0,0,0,0,0,0,1
1,1,1,0,0,0.569,0,0,0.8442,0,1,0,6,0,0,2,0,2,0,0,0,0,0,0,2,0,0,3,0,0,0,0,0,0,0,2,0,0,0,0,0,0,0,0,1
1,1,1,1,1,0.817,0,0,0.2003,0,0,0,3,0,0,0,1,2,0,0,0,0,0,0,0,0,0,3,1,0,0,0,0,0,0,1,0,0,0,0,0,0,0,0,1
1,0,1,0,0,1,0,0,0,0,2,0,1,0,0,1,0,0,0,0,0,0,0,0,0,0,0,20,0,0,0,0,0,0,0,0,0,0,0,0,0,0,0,0,1
0,0,1,1,0,1,0,0,0,0,0,0,4,0,0,1,1,0,0,2,0,0,0,0,1,0,0,1,0,0,2,0,1,1,0,3,0,0,0,0,0,1,0,1,1
0,0,1,1,0,0.709,0,0,0.7125,0,0,0,4,0,0,1,2,1,0,2,0,0,0,0,0,0,0,1,0,0,2,0,1,1,0,3,0,0,0,0,0,1,0,1,1
1,1,0,0,0,1,0,0,0,0,0,0,5,0,0,2,2,1,0,1,0,0,0,2,1,0,0,0,0,0,0,0,0,1,0,0,0,2,0,0,0,0,0,1,1
1,1,0,0,0,1,0,0,0,1,1,0,4,0,0,2,1,0,0,0,0,0,0,0,1,0,0,11,0,0,0,0,0,0,0,0,0,0,1,0,1,0,0,0,1
0,1,0,1,0,0.743,0,0,-0.7845,0,0,1,10,0,1,3,0,0,0,1,0,0,0,1,1,0,0,1,0,0,0,0,1,0,0,3,0,1,1,0,0,1,0,0,-1
1,1,0,0,0,1,0,0,0,0,1,0,8,0,1,1,0,0,0,0,0,1,0,1,0,0,0,3,1,0,1,0,0,0,0,0,0,0,1,0,0,0,0,0,1
1,1,0,0,0,1,0,0,0,0,1,1,3,0,0,0,0,0,0,0,0,0,0,0,1,0,0,11,0,0,1,0,0,0,0,0,0,0,0,0,1,0,0,0,1
1,1,0,0,0,1,0,0,0,0,1,1,4,0,0,0,0,0,0,0,0,0,0,0,1,0,0,10,0,0,1,0,0,0,0,0,0,0,0,0,1,0,0,0,1
0,1,0,0,0,0.571,0,0,0.8412,1,1,0,6,0,0,0,0,1,0,3,0,0,0,0,2,0,0,1,0,0,0,0,0,0,0,2,0,0,0,0,0,0,0,0,1
1,1,1,0,1,1,0,0,0,0,1,0,6,0,0,1,0,0,0,2,0,0,0,0,1,0,0,5,0,0,2,0,1,1,0,2,0,0,1,0,1,1,0,1,1
0,1,1,0,0,0.851,0,0,0.4215,0,1,1,2,0,0,0,1,0,0,2,0,0,0,0,0,0,1,6,2,0,0,0,0,0,0,1,0,0,1,1,0,0,0,0,1
1,1,1,1,0,1,0,0,0,0,1,0,4,0,0,2,1,0,0,0,0,0,0,1,0,0,0,6,0,0,1,0,1,2,0,0,1,0,0,0,1,1,0,2,1
1,1,0,0,0,0.779,0,0,0.3291,0,0,0,4,0,1,2,2,0,0,1,0,1,0,1,0,0,0,2,0,0,2,0,0,3,0,2,0,0,1,1,2,0,0,3,1
1,1,1,0,0,1,0,0,0,0,1,0,4,1,0,1,0,2,0,1,0,0,0,0,0,0,0,8,1,0,1,0,0,0,0,1,0,0,0,0,0,0,0,0,1
0,1,0,0,0,1,0,0,0,0,0,0,3,0,0,0,0,0,0,2,0,0,0,0,0,0,0,2,0,0,1,0,0,1,0,1,0,0,1,0,1,0,0,1,1
1,1,1,1,1,0.838,0,0,0.4389,0,1,0,6,0,0,1,0,0,0,2,0,0,0,0,2,0,0,2,0,0,1,0,2,2,0,1,0,0,0,0,2,2,0,2,1
0,1,1,0,0,1,0,0,0,0,0,0,3,0,0,0,0,0,0,3,0,0,0,0,0,0,0,8,0,0,0,2,0,0,0,2,0,0,1,0,0,0,0,0,1
1,1,1,0,0,1,0,0,0,0,1,1,3,0,0,0,1,1,0,1,0,0,0,0,0,0,0,6,0,0,0,0,0,0,0,0,0,0,1,0,0,0,0,0,1
0,0,0,0,1,0.838,0,0,0.4753,0,0,0,3,0,1,0,1,0,0,3,0,0,0,0,1,0,0,5,0,0,0,2,0,0,0,1,0,0,0,1,0,0,0,0,1
0,0,1,0,1,1,0,0,0,0,1,0,0,0,0,1,0,0,0,0,0,0,0,0,0,0,0,1,0,0,0,0,0,0,0,0,0,0,0,0,0,0,0,0,1
1,1,0,0,0,1,0,0,0,0,1,1,2,0,0,1,0,0,0,0,0,0,0,1,0,0,0,12,0,0,0,0,0,0,0,0,0,1,0,0,0,0,0,0,1
1,1,0,0,0,1,0,0,0,0,1,1,3,0,0,0,0,0,0,0,0,0,0,1,0,0,0,12,0,0,0,0,0,0,0,0,0,1,0,0,0,0,0,0,1
0,1,1,0,0,0.854,0,0,-0.0516,0,0,0,2,0,0,1,1,1,0,0,0,0,0,1,1,0,0,0,0,0,0,0,0,0,0,1,0,1,0,0,0,0,0,0,1
1,0,1,0,0,0.494,0,0,0.6249,0,2,0,1,0,0,1,0,1,0,0,0,0,0,0,0,0,0,3,0,0,0,0,0,0,0,1,0,0,0,0,0,0,0,0,1
0,1,0,0,0,1,0,0,0,0,1,0,2,0,0,0,0,0,0,1,0,0,0,0,2,0,0,3,0,0,0,0,0,0,0,0,0,0,0,1,1,0,0,0,-1
1,1,0,0,0,0.846,0,0,0.6369,0,1,0,3,0,2,3,0,0,0,5,0,0,0,2,0,0,0,4,0,0,2,0,2,1,0,1,0,0,0,0,1,2,1,1,1
1,0,0,0,0,1,0,0,0,0,2,1,1,0,0,0,0,0,0,0,0,0,0,0,0,0,0,3,0,0,0,0,0,1,0,0,0,0,0,0,0,0,0,1,1
1,1,1,0,0,1,0,0,0,0,1,0,3,0,0,2,1,1,0,0,0,0,0,0,0,0,0,2,0,0,0,0,0,0,0,0,0,0,0,0,0,0,0,0,1
0,1,0,0,0,0.662,0,0,0.34,0,1,0,3,0,0,0,0,1,0,2,0,0,0,0,0,0,0,12,0,0,0,0,0,1,0,2,0,0,2,0,0,0,0,1,1
1,0,1,0,0,0.878,0,0,0.3612,0,1,0,2,1,1,1,1,2,0,2,0,0,0,2,0,0,0,3,0,1,1,1,0,2,0,1,0,0,0,0,0,0,0,2,1
0,1,0,0,0,0.545,0,0,-0.5574,0,0,0,5,0,0,1,0,1,0,2,0,0,0,1,0,0,0,1,1,0,0,0,0,2,0,2,0,0,1,0,1,0,0,2,1
0,0,1,0,0,1,0,0,0,0,1,0,0,0,0,0,0,0,0,0,0,0,0,0,0,0,0,1,0,0,0,0,0,0,0,0,0,0,0,0,0,0,0,0,1
1,1,1,0,1,0.637,0,0,0.6114,0,0,0,3,0,0,3,0,1,0,0,0,0,0,0,0,0,0,3,0,0,0,0,0,0,0,0,0,0,0,0,0,0,0,0,1
1,1,1,1,1,0.765,0,0,0.6114,0,0,0,6,0,0,3,0,2,0,1,0,0,0,0,0,0,0,4,0,0,0,0,0,1,0,0,0,0,0,0,0,0,0,1,1
1,1,0,0,0,0.863,0,0,0.4019,0,1,0,5,0,1,1,1,0,0,2,0,0,0,1,2,0,1,0,0,0,0,0,0,1,0,1,0,0,1,0,3,0,0,1,1
1,1,0,1,0,0.803,0,0,-0.6322,0,1,0,7,0,0,2,1,0,0,3,0,0,0,1,0,0,0,2,0,0,0,0,1,1,0,0,0,1,0,0,0,1,0,1,1
0,1,1,0,1,0.846,0,0,0.6114,0,0,0,3,1,3,1,1,0,0,0,0,0,0,4,1,0,0,1,1,0,0,1,0,4,0,1,0,0,1,1,2,0,0,4,1
1,1,1,1,0,1,0,0,0,0,1,0,2,0,0,0,0,1,0,1,0,0,0,0,1,0,0,0,0,0,0,1,0,0,0,0,0,0,0,0,0,0,0,0,1
1,0,1,0,0,1,0,0,0,0,2,0,1,0,0,1,0,0,0,0,0,0,0,0,0,0,0,20,0,0,0,0,0,0,0,0,0,0,0,0,0,0,0,0,1
1,0,1,0,0,0.612,0,0,-0.4019,0,2,0,2,0,0,1,0,0,0,1,0,0,0,0,0,0,0,15,0,0,0,0,0,0,0,0,0,0,1,0,0,0,0,0,1
1,0,1,0,0,0.913,0,0,0.25,0,2,0,5,0,2,1,0,0,0,0,0,0,0,2,0,0,0,9,0,0,1,1,0,0,0,2,0,0,3,0,0,0,0,0,1
1,0,1,0,0,0.588,0,0,0.8591,0,2,0,2,0,1,1,1,0,0,0,0,0,0,0,0,0,0,11,0,0,1,0,1,0,0,2,0,0,1,0,0,1,0,0,1
1,1,1,0,0,1,0,0,0,0,1,0,4,0,0,1,1,2,0,1,0,0,0,0,0,0,0,1,0,0,0,0,0,0,0,1,0,0,0,0,0,0,0,0,1
1,0,1,0,0,1,0,0,0,0,2,0,0,0,0,2,0,1,0,0,0,0,0,0,0,0,0,19,0,0,0,0,0,0,0,0,0,0,0,0,0,0,0,0,1
1,0,1,1,1,0.895,0,0,-0.3802,0,0,2,6,0,0,1,1,0,0,0,0,0,1,0,2,0,0,6,1,0,0,0,1,2,0,1,0,0,0,0,2,1,0,2,1
1,0,1,0,0,1,0,0,0,0,2,0,0,0,0,2,0,1,0,0,0,0,0,0,0,0,0,21,0,0,0,0,0,0,0,0,0,0,0,0,0,0,0,0,1
1,0,1,0,0,1,0,0,0,0,1,0,1,0,1,2,0,1,0,0,0,0,0,0,0,0,0,19,0,0,0,2,0,0,0,0,0,0,0,0,0,0,0,0,1
1,0,1,0,0,0.844,0,0,-0.3412,0,1,0,4,0,0,2,1,1,0,1,0,0,0,0,0,0,0,7,0,0,1,0,0,0,0,2,0,0,0,0,0,0,0,0,-1
1,0,1,0,0,1,0,0,0,0,2,0,0,0,0,2,0,1,0,0,0,0,0,0,0,0,0,18,0,0,0,0,0,0,0,0,0,0,0,0,0,0,0,0,1
1,0,1,1,0,0.909,0,0,0.25,0,2,1,5,0,1,1,1,0,0,2,0,0,0,0,2,0,0,8,0,0,0,1,0,0,0,1,0,0,1,0,0,0,0,0,1
1,1,1,0,0,0.853,0,0,0.4767,0,1,0,7,0,0,3,0,0,0,2,0,0,0,0,1,0,0,2,0,0,1,0,0,0,0,4,0,0,0,0,0,0,0,0,-1
1,0,1,0,0,1,0,0,0,0,1,0,1,0,0,0,0,0,0,0,0,0,0,0,0,0,0,18,0,0,0,0,0,0,0,0,0,0,0,0,0,0,0,0,1
1,0,1,0,0,1,0,0,0,0,1,0,3,0,0,1,0,1,0,0,0,0,0,0,0,0,0,12,0,0,0,0,0,0,0,0,3,0,0,0,0,0,0,0,1
1,0,1,0,1,1,0,0,0,0,0,0,4,0,0,0,1,0,0,4,0,0,0,2,3,0,0,4,0,0,1,0,0,2,0,2,0,0,2,0,0,0,0,2,1
1,0,1,0,0,1,0,0,0,0,2,0,0,0,0,2,0,1,0,0,0,0,0,0,0,0,0,21,0,0,0,0,0,0,0,0,0,0,0,0,0,0,0,0,1
1,0,1,0,0,0.847,0,0,0.5574,0,2,0,4,1,1,2,0,3,0,2,0,0,0,1,0,0,0,2,0,0,1,0,0,0,0,3,0,0,1,0,0,0,0,0,-1
1,1,1,0,1,0.886,0,0,0.3786,0,0,0,6,0,1,0,1,1,0,1,0,0,0,2,0,0,0,6,0,0,2,0,0,2,0,2,0,0,1,0,0,0,0,2,1
1,0,1,0,0,1,0,0,0,0,2,0,1,0,0,3,0,1,0,0,0,0,0,0,0,0,0,17,0,0,0,0,0,0,0,0,0,0,0,0,0,0,0,0,1
0,1,0,0,0,0.753,0,0,0.2865,0,0,1,6,0,0,1,2,0,0,3,0,0,0,0,1,0,0,1,0,0,1,0,1,1,0,3,0,0,0,1,2,1,0,1,1
1,1,1,0,0,0.737,0,0,0.3612,0,1,0,4,0,0,0,0,1,0,0,0,0,0,1,0,0,0,2,0,0,0,0,0,1,0,0,0,1,0,0,0,0,0,1,1
0,1,1,0,0,0.809,0,0,-0.5106,0,0,0,3,0,1,0,2,0,0,3,0,0,0,1,0,0,0,4,0,0,1,0,0,1,0,0,0,0,0,0,0,0,0,1,1
0,1,1,0,0,1,0,0,0,0,1,0,2,0,0,1,1,1,0,0,0,0,0,0,0,0,0,2,0,0,0,0,0,0,0,0,0,0,0,0,0,0,0,0,1
0,1,0,0,0,1,0,0,0,0,0,0,5,0,0,2,1,0,0,4,0,0,0,0,2,0,0,2,0,0,2,0,0,1,0,3,0,0,0,1,1,0,0,1,1
1,1,1,1,0,0.87,0,0,0.4019,0,1,0,2,1,0,1,1,0,0,0,0,0,0,4,2,0,0,3,1,0,0,0,0,4,0,0,0,1,0,1,2,0,0,4,1
0,1,0,0,0,0.838,0,0,0.4404,0,0,1,3,0,0,1,0,0,0,3,0,0,0,0,0,0,0,4,0,0,1,1,0,1,0,1,0,0,0,0,0,0,0,1,-1
1,0,1,0,0,1,0,0,0,0,1,1,0,1,0,1,1,1,0,0,0,0,0,0,1,0,0,0,0,0,0,0,0,2,0,0,0,0,1,0,0,0,0,2,1
0,1,0,0,0,0.719,0,0,0.802,0,0,0,7,0,3,2,0,0,0,0,0,0,0,3,0,0,0,1,0,0,0,0,1,2,0,3,0,1,1,0,2,1,0,2,1
1,0,1,0,0,1,0,0,0,0,0,0,2,0,0,1,1,1,0,1,0,0,0,1,0,0,0,2,0,0,0,0,0,0,0,0,0,1,1,0,0,0,0,0,1
1,0,1,0,0,1,0,0,0,0,2,0,1,0,0,1,0,0,0,0,0,0,0,0,0,0,0,20,0,0,0,0,0,0,0,0,0,0,0,0,0,0,0,0,1
1,0,1,0,0,0.612,0,0,-0.4019,0,2,0,2,0,0,1,0,0,0,1,0,0,0,0,0,0,0,15,0,0,0,0,0,0,0,0,0,0,1,0,0,0,0,0,1
1,0,1,0,0,0.913,0,0,0.25,0,2,0,5,0,2,1,0,0,0,0,0,0,0,2,0,0,0,9,0,0,1,1,0,0,0,2,0,0,3,0,0,0,0,0,1
1,0,1,0,0,0.588,0,0,0.8591,0,2,0,2,0,1,1,1,0,0,0,0,0,0,0,0,0,0,11,0,0,1,0,1,0,0,2,0,0,1,0,0,1,0,0,1
1,1,1,0,0,1,0,0,0,0,1,0,4,0,0,1,1,2,0,1,0,0,0,0,0,0,0,1,0,0,0,0,0,0,0,1,0,0,0,0,0,0,0,0,1
1,1,1,0,0,1,0,0,0,0,2,0,1,0,0,1,1,0,0,3,0,0,0,1,0,0,0,6,1,0,1,0,0,2,0,1,0,1,0,0,1,0,0,2,1
1,0,1,0,0,1,0,0,0,0,2,0,2,0,0,1,0,1,0,0,0,0,0,0,0,0,0,6,0,0,0,0,0,0,0,0,0,0,0,0,0,0,0,0,1
1,1,0,0,0,1,0,0,0,0,1,0,2,0,0,2,0,0,0,1,0,0,0,0,0,0,0,1,0,0,0,0,0,0,0,0,0,0,0,0,0,0,0,0,1
1,0,1,0,0,1,0,0,0,0,1,0,1,0,0,0,0,0,0,0,0,0,0,0,0,0,0,6,0,0,0,0,0,0,0,0,0,0,0,0,0,0,0,0,1
0,0,0,0,0,0.786,0,0,-0.5994,0,0,0,4,0,1,3,1,0,0,0,0,0,0,0,2,0,0,0,0,0,2,1,0,1,1,3,0,0,0,0,1,0,0,1,-1
1,1,0,0,0,0.891,0,0,-0.3252,0,0,0,6,0,1,3,1,0,0,2,0,0,0,1,0,0,0,1,0,0,2,0,0,1,0,3,0,0,0,0,1,0,0,1,-1
0,1,1,0,0,0.617,0,0,0.323,0,0,0,4,0,0,1,1,0,0,2,0,0,0,0,2,0,0,5,0,0,0,0,1,0,0,2,0,0,0,0,1,1,0,0,1
1,1,1,0,1,1,0,0,0,0,1,0,3,1,0,1,0,0,0,0,0,0,0,2,0,0,0,8,0,0,0,0,0,0,0,1,0,0,0,0,0,0,0,0,1
0,1,0,0,1,0.616,0,0,0.8622,0,0,0,4,0,1,1,0,0,0,3,0,0,0,1,0,0,0,6,0,0,0,2,0,1,0,1,0,0,1,1,1,0,0,1,1
1,0,1,0,0,0.652,0,0,0.4939,0,1,0,1,0,0,2,0,1,1,0,0,0,0,0,0,0,0,1,1,0,0,0,0,0,0,0,0,0,0,0,0,0,0,0,1
1,0,1,0,0,1,0,0,0,0,2,0,1,0,0,1,0,0,0,0,0,0,0,0,0,0,0,20,0,0,0,0,0,0,0,0,0,0,0,0,0,0,0,0,1
1,0,1,0,0,0.612,0,0,-0.4019,0,2,0,2,0,0,1,0,0,0,1,0,0,0,0,0,0,0,15,0,0,0,0,0,0,0,0,0,0,1,0,0,0,0,0,1
0,1,1,0,0,0.918,0,0,-0.1531,0,1,3,4,0,1,2,0,1,0,1,0,0,0,1,1,0,0,3,0,0,0,0,0,0,0,1,0,0,1,0,0,0,0,0,1
0,1,1,1,0,1,0,0,0,0,1,1,1,0,0,0,1,0,0,0,0,0,0,0,2,1,0,5,0,0,0,0,0,1,0,4,1,0,1,0,1,0,0,1,1
1,1,0,0,0,0.805,0,0,0.4404,0,1,0,4,0,0,2,0,0,0,1,0,0,0,0,0,0,0,12,0,0,1,0,0,0,0,1,0,0,0,0,0,0,0,0,1
1,0,1,0,0,0.805,0,0,0.4404,0,1,0,2,0,0,0,0,1,0,1,0,0,0,0,0,0,0,14,0,0,1,0,0,0,0,1,0,0,0,0,0,0,0,0,1
0,1,0,0,0,0.914,0,0,-0.1779,0,0,1,5,0,0,3,1,1,0,3,0,0,0,0,1,0,0,3,0,0,0,1,0,0,0,2,0,0,0,0,0,0,0,0,1
1,1,0,0,0,1,0,0,0,0,0,0,6,0,1,2,0,0,0,3,0,0,0,0,1,0,0,3,0,0,2,0,0,0,0,2,0,0,0,0,0,0,0,0,1
0,1,1,0,0,0.751,0,0,-0.2732,0,0,1,3,0,1,1,0,1,0,2,0,0,0,1,1,0,0,1,0,0,0,4,1,2,0,0,0,0,1,1,1,1,0,2,-1
1,0,1,0,0,1,0,0,0,0,1,0,0,0,0,1,1,1,0,0,0,0,0,0,0,0,0,5,0,0,0,0,0,0,0,0,0,0,0,0,0,0,0,0,1
0,0,1,0,0,0.543,0,0,0.6369,0,1,0,2,0,0,1,0,1,0,0,0,0,0,0,0,0,0,0,0,0,1,0,0,0,0,0,0,0,0,0,0,0,0,0,1
1,0,1,0,1,0.672,0,0,0.6588,0,1,0,1,0,0,2,0,1,0,0,0,0,0,0,0,0,0,5,0,0,1,0,0,0,0,0,0,0,0,0,0,0,0,0,1
0,1,1,0,0,0.688,0,0,0.7096,0,0,1,3,0,0,2,0,0,0,2,0,0,1,0,3,0,0,2,0,0,0,0,0,1,0,2,0,0,0,1,1,0,0,1,-1
1,1,0,0,0,1,0,0,0,0,1,0,4,0,0,1,0,0,0,0,0,0,0,0,0,0,0,13,0,0,0,0,0,0,0,0,0,0,0,0,0,0,0,0,1
