1,1,1,0,0,1,0,0,0,0,1,0,6,0,0,2,0,0,0,1,0,0,0,0,1,0,0,5,0,0,0,0,0,0,0,1,0,0,0,0,0,0,0,0,-1
0,1,0,0,0,0.822,0,0,0.5994,0,0,1,2,0,1,1,0,0,0,2,0,0,0,0,3,0,0,4,0,0,0,0,1,1,0,4,0,0,1,0,0,1,0,1,-1
1,1,1,0,0,0.869,0,0,-0.3089,0,1,1,3,0,0,1,0,0,0,2,1,0,0,0,2,0,0,5,0,0,0,0,0,1,0,0,0,0,0,0,2,0,0,1,-1
0,1,0,0,1,0.81,0,0,0.6114,0,1,1,6,0,1,1,1,0,0,1,0,0,0,1,1,0,0,4,0,1,1,0,0,0,0,1,0,0,0,0,0,0,0,0,-1
1,0,1,0,0,0.829,0,0,0.5719,0,2,1,1,0,0,2,0,0,0,1,0,0,0,0,0,0,1,12,0,0,0,0,1,0,0,1,0,0,0,0,0,1,0,0,-1
1,0,1,0,0,1,0,0,0,0,1,1,2,0,0,1,1,0,0,1,0,0,0,0,0,0,0,7,0,0,0,0,1,0,0,1,0,0,0,0,0,1,0,0,-1
1,0,1,0,0,0.829,0,0,0.5719,0,2,1,1,0,0,2,0,0,0,1,0,0,0,0,0,0,1,12,0,0,0,0,1,0,0,1,0,0,0,0,0,1,0,0,-1
1,0,1,0,0,0.829,0,0,0.5719,0,2,1,1,0,0,2,0,0,0,1,0,0,0,0,0,0,1,12,0,0,0,0,1,0,0,1,0,0,0,0,0,1,0,0,-1
1,0,1,0,0,0.892,0,0,-0.3182,0,2,0,7,0,0,1,0,0,0,3,0,0,0,1,1,0,0,5,0,1,0,2,0,0,0,1,0,1,0,1,0,0,0,0,-1
1,0,1,0,0,1,0,0,0,0,3,1,5,0,0,1,0,0,0,1,0,0,0,0,1,0,0,4,0,0,1,1,0,1,0,2,0,0,1,0,1,0,0,1,-1
1,0,1,0,0,0.832,0,0,-0.6652,0,1,2,3,0,2,2,1,0,0,1,0,0,0,2,2,0,0,3,0,0,0,1,0,2,0,1,0,0,1,0,0,0,0,2,-1
1,0,1,0,0,0.829,0,0,0.5719,0,2,1,1,0,0,2,0,0,0,1,0,0,0,0,0,0,1,12,0,0,0,0,1,0,0,1,0,0,0,0,0,1,0,0,-1
1,0,1,0,0,0.829,0,0,0.5719,0,2,1,1,0,0,2,0,0,0,1,0,0,0,0,0,0,1,12,0,0,0,0,1,0,0,1,0,0,0,0,0,1,0,0,-1
1,1,1,0,0,1,0,0,0,1,1,1,5,1,1,1,0,0,0,2,0,0,0,0,1,0,0,1,0,0,0,1,0,0,0,0,0,0,0,1,0,0,0,0,-1
0,1,0,0,0,0.844,0,0,0.5719,0,0,0,6,0,0,2,0,0,0,4,0,0,0,0,4,0,0,2,0,0,0,1,0,0,0,2,0,0,1,0,0,0,0,0,-1
1,1,1,0,1,0.776,0,0,0.4389,0,1,0,3,0,0,2,1,0,0,0,0,0,0,0,1,0,0,4,0,0,0,0,1,0,0,2,0,0,0,1,1,1,0,0,-1
0,1,1,0,0,1,0,0,0,0,0,0,3,0,1,0,2,2,0,2,0,0,0,2,2,0,0,3,0,2,1,0,0,0,0,0,0,1,3,1,0,0,0,0,-1
1,1,0,0,0,0.783,0,0,-0.5719,0,1,2,3,0,0,1,3,1,0,2,0,0,0,1,0,0,0,4,0,0,0,0,0,3,0,0,0,0,0,1,1,0,0,3,-1
0,1,0,0,1,0.826,0,0,-0.5848,0,1,2,3,0,0,2,1,0,0,3,0,0,0,0,2,0,0,0,0,0,1,3,1,2,0,1,0,0,0,1,0,1,0,2,-1
0,0,1,0,0,0.688,0,0,0.2023,0,0,1,6,0,0,0,1,0,0,4,0,0,1,0,2,0,0,2,0,0,0,1,0,0,0,2,0,0,1,0,1,0,0,0,-1
0,0,1,0,0,0.833,0,0,-0.3818,0,1,0,2,0,1,0,0,2,0,4,0,0,0,1,1,0,0,1,0,0,0,0,0,0,0,1,0,0,1,0,0,0,0,0,-1
1,1,1,0,0,0.735,0,0,0.2023,0,1,0,2,0,0,0,0,0,0,0,0,0,0,0,0,0,0,6,0,0,0,0,0,0,0,0,0,0,0,0,0,0,0,0,-1
0,0,0,0,0,0.594,0,0,0.6249,0,0,0,3,0,0,1,0,0,0,1,0,0,0,0,0,0,0,0,0,0,1,0,0,0,0,1,0,0,0,0,0,0,0,0,-1
1,1,1,0,0,1,0,0,0,0,1,0,3,1,0,2,0,2,0,3,0,0,0,0,2,0,0,3,0,0,1,2,1,0,0,0,0,0,0,0,0,1,0,0,-1
0,1,0,0,0,1,0,0,0,0,0,1,7,0,0,1,0,1,0,4,0,0,0,0,1,0,0,2,0,0,0,0,0,0,0,2,0,0,0,1,0,0,0,0,-1
1,0,1,0,1,0.644,0,0,-0.3578,0,2,0,4,0,1,3,0,0,0,0,0,0,0,2,0,0,0,3,0,0,1,0,0,0,0,1,0,1,0,1,0,0,0,0,-1
0,1,1,0,0,1,0,0,0,1,1,1,4,1,1,0,0,0,0,1,0,0,0,0,1,0,0,1,0,0,0,1,0,0,0,0,0,0,0,1,0,0,0,0,-1
1,0,1,0,1,0.524,0,0,0.8475,0,0,0,1,0,2,3,0,0,0,1,0,0,0,2,0,0,0,3,0,0,1,0,0,2,0,1,0,0,0,0,0,0,0,2,-1
0,1,0,0,0,0.778,0,0,-0.1027,0,0,0,3,1,1,1,2,0,0,0,0,0,0,1,1,0,0,1,1,0,2,1,0,0,0,1,0,0,0,0,0,0,0,0,-1
1,1,1,0,0,0.835,0,0,-0.4168,0,0,0,4,0,0,2,1,0,0,2,0,0,0,1,0,0,0,3,0,0,1,1,0,0,0,1,0,1,1,0,0,0,0,0,-1
1,1,0,0,0,0.914,0,0,0.128,0,0,0,6,0,0,2,1,0,0,1,0,0,0,1,1,0,0,4,0,0,1,0,0,1,0,0,0,1,1,0,0,0,0,1,-1
1,1,1,0,0,0.792,0,0,-0.6369,0,0,0,4,0,1,1,1,0,0,2,0,0,0,2,0,0,0,3,0,0,0,0,1,1,0,1,0,0,0,2,2,1,0,1,-1
0,1,0,0,1,0.81,0,0,0.6114,0,1,1,6,0,1,1,1,0,0,1,0,0,0,1,1,0,0,4,0,1,1,0,0,0,0,1,0,0,0,0,0,0,0,0,-1
1,0,0,0,0,0.718,0,0,0.128,0,1,1,3,0,0,4,0,0,0,1,0,0,0,0,1,0,0,3,0,0,0,0,0,2,0,1,0,0,0,0,2,0,0,2,-1
1,0,1,0,0,0.625,0,0,0.6369,0,2,0,2,0,0,0,0,0,0,0,0,0,0,0,0,0,0,8,0,0,0,0,0,1,0,0,0,0,0,0,0,0,0,1,-1
1,1,0,0,0,0.782,0,0,-0.128,0,1,3,5,0,0,2,1,0,0,5,0,0,0,0,0,0,0,4,0,0,0,0,0,1,0,1,0,0,1,1,0,0,0,1,-1
1,1,0,0,0,0.847,0,0,0.4019,0,0,0,6,0,0,3,4,0,0,1,0,0,0,0,0,0,0,6,0,0,1,0,0,0,0,0,0,0,0,0,0,0,0,0,-1
0,1,0,0,0,0.667,0,0,-0.4215,0,0,2,5,0,0,2,1,0,0,1,0,0,0,0,1,0,0,3,0,0,0,0,0,1,0,2,0,0,1,0,2,0,0,1,-1
1,1,1,0,0,0.846,0,0,-0.4767,0,1,0,6,1,2,1,0,1,0,2,0,0,0,1,1,0,1,5,0,0,0,0,0,0,0,0,0,0,0,1,0,0,0,0,-1
0,1,0,0,1,1,0,0,0,0,1,2,4,0,1,0,1,0,0,2,0,0,0,1,1,0,0,7,0,0,0,3,0,0,0,0,0,0,2,0,0,0,0,0,-1
0,1,0,0,0,1,0,0,0,0,1,0,8,0,1,2,2,0,0,2,0,0,0,0,1,0,0,3,0,0,1,0,0,0,0,3,0,0,1,1,0,0,0,0,-1
0,1,0,0,1,0.81,0,0,0.6114,0,1,1,6,0,1,1,1,0,0,1,0,0,0,1,1,0,0,4,0,1,1,0,0,0,0,1,0,0,0,0,0,0,0,0,-1
0,0,1,0,0,1,0,0,0,0,0,0,2,0,1,1,0,0,0,1,0,0,0,1,2,0,0,0,0,0,0,0,0,0,0,1,0,0,0,1,0,0,0,0,-1
1,1,1,0,0,1,0,0,0,0,1,0,7,0,1,1,0,0,0,2,0,0,0,1,1,0,0,2,0,0,0,0,0,0,0,0,0,0,1,1,0,0,0,0,-1
0,1,1,0,0,0.865,0,0,-0.4215,0,1,0,4,0,0,2,0,0,0,4,0,0,0,0,0,0,0,5,0,0,0,1,0,0,0,3,0,0,1,0,1,0,0,0,-1
1,0,1,0,1,1,0,0,0,0,1,1,1,0,0,2,0,0,1,0,0,0,0,0,0,0,0,13,0,0,0,0,0,0,0,1,0,0,1,0,0,0,0,0,-1
1,1,0,0,0,0.647,0,0,0.8689,0,0,1,8,0,1,3,2,0,0,2,0,0,0,1,0,0,0,2,0,0,0,1,0,0,0,3,0,0,0,0,0,0,0,0,-1
1,1,1,0,0,1,0,0,0,0,1,0,2,0,0,2,0,0,0,0,0,0,0,0,1,0,0,7,0,0,0,0,0,0,0,0,0,0,0,0,1,0,0,0,-1
0,1,0,0,0,0.601,0,0,0.2732,0,0,0,3,0,1,2,0,1,0,0,0,0,0,2,1,0,0,4,0,0,1,0,0,0,0,1,0,0,1,0,0,0,0,0,-1
0,0,1,0,0,0.87,0,0,0.4019,0,1,1,4,0,0,2,3,0,0,2,0,0,0,1,1,0,0,2,0,0,0,0,0,0,0,2,0,0,0,1,1,0,0,0,-1
0,1,1,1,1,1,0,0,0,0,0,1,4,0,0,0,1,0,0,0,0,0,0,0,0,0,0,1,0,0,1,0,0,1,0,0,0,0,0,0,0,0,0,1,-1
1,0,1,0,1,0.667,0,0,0.4574,0,2,0,0,0,0,3,0,0,1,1,0,0,0,0,1,0,0,1,0,0,0,0,0,0,0,0,0,0,0,1,0,0,0,0,-1
0,1,0,0,0,0.897,0,0,0.3182,0,1,1,4,0,0,4,1,1,0,2,0,0,0,0,1,0,0,3,1,0,1,0,0,0,0,1,0,0,0,0,0,0,0,0,-1
0,1,1,0,0,1,0,0,0,0,1,0,6,0,0,0,3,0,0,3,0,0,0,0,1,0,0,3,0,0,2,0,0,0,0,3,0,0,0,1,1,0,0,0,-1
1,1,1,1,0,0.915,0,0,0.1695,0,0,0,5,0,3,3,1,0,0,0,0,0,0,3,1,0,0,1,0,0,2,0,2,0,0,1,0,0,0,0,1,2,0,0,-1
1,0,1,0,1,1,0,0,0,0,2,0,4,0,0,0,0,0,0,0,0,0,0,0,0,0,0,2,0,0,0,0,0,0,0,0,0,0,0,0,0,0,0,0,-1
0,1,0,0,1,0.81,0,0,0.6114,0,1,1,6,0,1,1,1,0,0,1,0,0,0,1,1,0,0,4,0,1,1,0,0,0,0,1,0,0,0,0,0,0,0,0,-1
1,0,1,0,0,0.829,0,0,0.5719,0,2,1,1,0,0,2,0,0,0,1,0,0,0,0,0,0,1,12,0,0,0,0,1,0,0,1,0,0,0,0,0,1,0,0,-1
1,0,1,0,0,1,0,0,0,0,1,1,2,0,0,1,1,0,0,1,0,0,0,0,0,0,0,7,0,0,0,0,1,0,0,1,0,0,0,0,0,1,0,0,-1
1,0,1,0,0,0.829,0,0,0.5719,0,2,1,1,0,0,2,0,0,0,1,0,0,0,0,0,0,1,12,0,0,0,0,1,0,0,1,0,0,0,0,0,1,0,0,-1
1,1,1,0,0,1,0,0,0,0,1,1,3,0,0,1,0,0,0,1,0,0,0,0,1,0,0,7,0,0,0,0,0,0,0,0,0,0,0,0,0,0,0,0,-1
1,1,1,0,0,0.743,0,0,0.5859,0,1,0,2,0,0,1,0,0,0,2,0,0,0,0,0,0,0,7,0,0,0,0,0,0,0,0,0,0,0,1,2,0,0,0,-1
1,1,0,0,0,0.812,0,0,0.5267,0,1,0,4,1,0,4,0,1,0,1,0,0,0,1,1,0,0,1,0,0,1,0,1,3,0,2,0,1,0,1,2,1,0,3,-1
1,1,0,0,0,0.688,0,0,0.1482,0,0,0,2,0,0,1,2,0,0,2,0,0,0,1,0,0,0,10,0,0,1,0,0,1,0,0,0,0,0,0,1,0,0,1,-1
0,1,0,0,0,0.948,0,0,0.0387,0,0,0,3,0,1,0,2,0,0,5,0,0,0,2,2,0,0,1,0,0,0,1,0,3,0,1,0,1,1,0,3,0,0,3,-1
1,0,1,0,1,0.849,0,0,0.4926,0,0,0,3,0,0,3,0,0,0,3,0,0,0,1,1,0,0,2,0,0,2,0,0,2,0,2,0,1,1,0,0,0,0,2,-1
0,0,0,0,0,0.816,0,0,-0.5574,0,0,1,4,0,0,2,2,0,0,0,0,0,0,0,2,0,1,0,0,0,0,1,0,1,0,0,0,0,1,0,2,0,0,1,-1
1,1,1,0,0,0.87,0,0,0.4019,0,0,2,7,0,1,2,0,0,0,0,0,0,0,1,1,0,0,2,0,0,1,0,1,2,0,0,0,0,1,1,1,1,0,2,-1
0,1,0,0,1,0.81,0,0,0.6114,0,1,1,6,0,1,1,1,0,0,1,0,0,0,1,1,0,0,4,0,1,1,0,0,0,0,1,0,0,0,0,0,0,0,0,-1
0,1,1,0,1,1,0,0,0,0,0,2,7,0,0,0,1,0,0,1,0,0,0,1,1,0,0,0,0,0,0,1,0,1,0,0,0,0,2,2,0,0,0,1,-1
1,1,1,0,0,1,0,0,0,0,1,1,3,0,0,1,0,0,0,1,0,0,0,0,1,0,0,7,0,0,0,0,0,0,0,0,0,0,0,0,0,0,0,0,-1
1,1,0,0,0,0.811,0,0,0.4215,0,0,1,5,0,0,0,1,0,0,1,0,0,0,0,1,0,1,2,0,0,0,1,0,0,0,1,0,0,0,1,0,0,0,0,-1
1,0,1,1,0,1,0,0,0,0,1,1,2,0,0,1,0,0,0,0,0,1,0,0,1,0,0,4,0,0,0,0,0,0,0,1,0,0,0,0,1,0,0,0,-1
0,1,0,0,0,0.614,0,0,-0.7227,0,0,0,4,0,0,2,2,0,0,1,0,0,0,1,1,0,0,1,0,0,0,0,0,0,0,1,0,0,1,0,1,0,0,0,-1
1,0,1,0,1,1,0,0,0,0,0,0,3,0,0,1,0,0,0,1,0,0,0,0,4,0,0,2,0,0,0,0,0,1,0,1,0,0,0,1,1,0,0,1,-1
1,0,0,1,0,1,0,0,0,0,1,0,2,0,0,1,0,1,0,0,0,0,0,0,0,0,1,1,0,0,0,0,0,0,0,1,0,0,0,0,0,0,0,0,-1
1,1,0,0,0,0.872,0,0,0.3612,0,1,0,6,0,0,2,0,1,0,3,0,0,0,0,0,0,0,3,0,0,1,0,0,0,0,2,0,0,0,0,1,0,0,0,-1
0,0,1,0,0,0.539,0,0,0.5321,0,0,1,5,0,0,2,0,1,0,2,0,0,0,0,0,0,0,3,0,0,0,0,0,0,0,1,0,0,1,0,0,0,0,0,-1
0,1,0,0,0,0.701,0,0,-0.4549,0,0,1,5,1,0,2,0,1,0,1,0,0,0,0,2,0,0,0,0,1,0,0,0,2,0,2,0,0,1,0,1,0,0,2,-1
0,1,0,0,0,0.675,0,0,0.8481,0,0,0,3,0,1,1,0,0,0,4,0,0,0,1,1,0,0,5,0,0,0,1,0,1,0,1,0,0,0,0,1,0,0,1,-1
1,0,1,0,0,1,0,0,0,0,2,0,1,0,0,1,0,0,0,0,0,0,0,0,0,0,0,8,0,0,0,1,0,0,0,0,0,0,0,0,0,0,0,0,-1
1,1,0,0,0,0.885,0,0,-0.296,0,0,1,5,0,0,2,0,0,0,1,0,0,0,0,0,0,0,8,0,0,0,0,0,0,0,1,0,0,0,0,0,0,0,0,-1
0,1,0,0,0,0.793,0,0,-0.6908,0,0,1,4,0,0,3,0,1,0,1,0,0,0,0,2,0,0,4,0,0,0,0,0,0,0,2,0,0,1,1,0,0,0,0,-1
1,1,0,0,1,1,0,0,0,0,1,0,6,1,1,2,0,0,0,3,0,0,0,1,3,0,0,1,0,0,0,1,0,0,0,0,0,0,1,2,1,0,0,0,-1
0,0,1,0,0,1,0,0,0,0,2,0,0,0,0,0,0,0,0,0,0,0,0,0,0,0,0,1,0,0,0,0,0,0,0,0,0,0,0,0,0,0,0,0,-1
0,1,1,0,0,1,0,0,0,0,1,0,6,0,0,2,1,0,0,2,0,0,0,1,0,0,0,2,0,0,2,0,0,1,0,1,0,0,0,0,1,0,0,1,-1
1,0,1,0,0,0.84,0,0,0.2732,0,1,0,2,0,0,0,2,0,0,0,0,0,0,0,0,0,0,4,0,0,2,0,0,1,0,1,0,0,1,0,1,0,0,1,-1
1,1,0,0,0,0.616,0,0,0.6808,0,0,1,4,0,0,2,0,0,0,1,0,0,0,0,0,0,0,8,0,0,1,0,0,0,0,1,0,0,0,0,0,0,0,0,-1
1,1,0,0,0,1,0,0,0,0,1,1,5,0,0,0,0,0,0,0,0,0,0,0,0,0,0,11,0,0,1,0,0,0,0,0,0,0,0,0,0,0,0,0,-1
0,1,1,0,0,0.843,0,0,-0.3818,0,1,0,1,0,0,1,0,1,0,0,0,0,0,0,1,0,0,10,0,0,0,1,0,0,0,0,0,0,0,0,1,0,0,0,-1
1,1,1,1,0,1,0,0,0,0,1,0,3,0,0,3,0,1,0,1,0,0,0,0,3,0,0,5,0,0,0,0,0,1,0,1,0,0,1,0,1,0,0,1,-1
1,1,0,0,0,1,0,0,0,0,1,0,7,0,0,1,0,0,0,1,0,0,0,1,1,0,0,4,1,0,0,0,0,1,0,0,0,0,1,0,1,0,0,1,-1
1,0,1,0,0,0.857,0,0,-0.3612,0,1,1,5,0,0,0,0,0,0,1,0,0,0,0,1,0,0,4,0,0,1,0,1,1,0,3,0,0,1,0,0,1,0,1,-1
1,1,0,0,0,1,0,0,0,0,1,0,5,0,0,1,2,0,0,2,0,0,0,0,3,0,0,3,0,0,1,2,0,1,0,1,0,0,0,0,1,0,0,1,-1
1,1,0,0,0,1,0,0,0,0,1,0,7,0,0,1,0,0,0,1,0,0,0,1,1,0,0,4,1,0,0,0,0,1,0,0,0,0,1,0,1,0,0,1,-1
0,0,0,1,0,0.775,0,0,-0.0516,0,0,0,2,0,0,3,1,1,1,0,0,0,0,0,0,0,0,0,0,0,2,0,1,1,0,2,0,0,0,0,1,1,0,1,-1
1,1,1,0,0,0.86,0,0,-0.4767,0,1,0,7,0,1,1,3,0,0,3,0,0,0,2,0,0,0,1,0,0,0,1,0,1,0,2,0,0,0,1,1,0,0,1,-1
1,1,0,0,0,1,0,0,0,0,1,0,6,0,1,2,1,1,0,3,0,0,0,1,0,0,0,2,0,0,2,0,0,1,0,1,0,0,0,0,0,0,0,1,-1
1,1,0,0,0,1,0,0,0,0,1,0,5,0,0,1,2,0,0,2,0,0,0,0,3,0,0,3,0,0,1,2,0,1,0,1,0,0,0,0,1,0,0,1,-1
0,1,0,0,0,0.832,0,0,-0.5622,0,0,0,3,0,0,1,2,0,0,4,0,0,0,0,2,0,0,3,0,0,0,0,0,1,0,2,0,0,0,2,1,0,0,1,-1
1,1,0,0,0,0.617,0,0,0.873,0,1,0,5,0,0,1,1,1,0,3,0,0,0,0,2,0,0,5,0,0,1,0,0,0,0,2,0,0,0,0,2,0,0,0,-1
1,1,0,0,0,1,0,0,0,0,1,0,3,0,1,2,1,1,0,2,0,0,0,1,3,0,0,3,0,0,0,0,1,1,0,1,0,0,2,1,2,1,0,1,-1
1,1,0,0,0,1,0,0,0,0,1,0,6,0,1,2,1,1,0,3,0,0,0,1,0,0,0,2,0,0,2,0,0,1,0,1,0,0,0,0,0,0,0,1,-1
1,1,0,0,0,1,0,0,0,0,1,0,3,0,2,0,3,1,0,0,0,0,0,1,2,0,1,2,0,0,0,0,1,0,0,1,0,0,0,2,2,1,0,0,-1
1,1,0,0,0,1,0,0,0,0,1,0,3,0,1,2,1,1,0,2,0,0,0,1,3,0,0,3,0,0,0,0,1,1,0,1,0,0,2,1,2,1,0,1,-1
1,1,0,0,0,0.693,0,0,-0.2732,0,1,2,5,0,0,2,1,0,0,2,0,0,0,0,1,0,0,2,0,0,0,0,0,2,0,1,0,0,1,2,2,0,0,2,-1
1,1,0,0,0,1,0,0,0,0,1,0,3,0,2,0,3,1,0,0,0,0,0,1,2,0,1,2,0,0,0,0,1,0,0,1,0,0,0,2,2,1,0,0,-1
1,1,0,0,0,0.691,0,0,0.764,0,1,0,5,0,1,3,1,0,0,3,0,0,0,1,0,0,0,3,0,0,2,0,0,0,1,0,0,0,0,0,0,0,1,0,-1
1,1,0,0,0,0.693,0,0,-0.2732,0,1,2,5,0,0,2,1,0,0,2,0,0,0,0,1,0,0,2,0,0,0,0,0,2,0,1,0,0,1,2,2,0,0,2,-1
1,0,1,0,0,0.922,0,0,-0.1531,0,2,0,6,0,0,1,0,0,0,2,0,0,0,0,0,0,0,3,0,0,4,2,0,1,0,2,0,0,1,0,0,0,0,1,-1
1,1,0,0,0,0.691,0,0,0.764,0,1,0,5,0,1,3,1,0,0,3,0,0,0,1,0,0,0,3,0,0,2,0,0,0,1,0,0,0,0,0,0,0,1,0,-1
1,0,1,0,0,0.492,0,0,-0.7178,0,2,0,5,0,0,3,0,1,0,2,0,0,0,0,1,0,0,3,0,0,2,0,0,0,1,0,0,0,0,0,0,0,0,0,-1
1,0,1,0,0,0.922,0,0,-0.1531,0,2,0,6,0,0,1,0,0,0,2,0,0,0,0,0,0,0,3,0,0,4,2,0,1,0,2,0,0,1,0,0,0,0,1,-1
1,1,1,0,0,1,0,0,0,0,1,0,4,0,1,0,0,0,0,1,0,0,0,1,0,0,1,8,0,0,2,0,0,0,0,1,0,0,1,0,0,0,0,0,-1
1,0,1,0,0,0.492,0,0,-0.7178,0,2,0,5,0,0,3,0,1,0,2,0,0,0,0,1,0,0,3,0,0,2,0,0,0,1,0,0,0,0,0,0,0,0,0,-1
1,0,1,0,0,0.829,0,0,-0.5106,0,2,0,5,0,1,1,1,2,0,1,0,0,0,0,0,0,0,3,0,0,2,0,0,0,0,1,0,0,1,0,0,0,0,0,-1
1,1,1,0,0,1,0,0,0,0,1,0,4,0,1,0,0,0,0,1,0,0,0,1,0,0,1,8,0,0,2,0,0,0,0,1,0,0,1,0,0,0,0,0,-1
1,0,1,0,0,1,0,0,0,0,2,0,3,0,0,2,2,0,0,2,0,0,0,0,1,0,0,3,0,0,2,0,0,0,0,1,0,0,0,0,0,0,0,0,-1
1,0,1,0,0,0.829,0,0,-0.5106,0,2,0,5,0,1,1,1,2,0,1,0,0,0,0,0,0,0,3,0,0,2,0,0,0,0,1,0,0,1,0,0,0,0,0,-1
1,0,1,0,0,0.874,0,0,0.3182,0,2,2,2,0,0,1,0,0,0,3,0,0,0,0,1,0,0,5,0,0,1,0,1,1,0,0,0,0,0,1,1,1,0,1,-1
1,0,1,0,0,1,0,0,0,0,2,0,3,0,0,2,2,0,0,2,0,0,0,0,1,0,0,3,0,0,2,0,0,0,0,1,0,0,0,0,0,0,0,0,-1
1,1,0,0,0,0.762,0,0,-0.2263,0,1,1,8,0,0,3,1,0,0,1,0,0,0,0,2,0,0,2,0,0,0,0,0,0,0,2,0,0,1,0,1,0,0,0,-1
1,0,1,0,0,0.874,0,0,0.3182,0,2,2,2,0,0,1,0,0,0,3,0,0,0,0,1,0,0,5,0,0,1,0,1,1,0,0,0,0,0,1,1,1,0,1,-1
1,1,0,0,0,0.648,0,0,0.3818,0,0,0,6,0,1,2,0,1,0,3,0,0,0,0,0,0,0,4,0,0,0,0,0,0,0,2,0,0,0,1,0,0,0,0,-1
1,1,0,0,0,0.762,0,0,-0.2263,0,1,1,8,0,0,3,1,0,0,1,0,0,0,0,2,0,0,2,0,0,0,0,0,0,0,2,0,0,1,0,1,0,0,0,-1
0,1,0,0,0,1,0,0,0,0,1,0,8,0,0,1,2,0,0,4,0,0,0,0,0,0,0,3,0,0,0,2,0,0,0,0,0,0,0,0,0,0,0,0,-1
1,1,1,0,0,0.901,0,0,-0.1655,0,1,0,5,0,0,1,1,1,0,1,0,0,0,1,1,0,0,2,0,0,1,0,0,0,0,1,0,0,1,1,1,0,0,0,-1
1,1,0,0,0,0.81,0,0,-0.6124,0,1,1,6,0,1,2,0,1,0,0,0,0,0,1,0,0,0,4,0,0,0,0,0,0,0,3,0,0,1,0,0,0,0,0,-1
1,1,0,0,0,0.909,0,0,0.2263,0,1,2,5,0,1,2,0,0,0,1,0,0,0,1,2,0,1,2,1,0,0,0,0,0,0,2,0,0,0,1,1,0,0,0,-1
1,1,1,0,0,1,0,0,0,0,1,0,3,0,0,1,0,0,0,0,0,0,0,0,0,0,0,12,0,0,0,0,0,0,0,0,0,0,0,0,0,0,0,0,-1
0,0,1,0,0,0.863,0,0,-0.4019,0,0,0,2,0,0,0,1,0,0,0,0,0,0,0,0,0,0,16,0,0,0,0,0,0,0,0,0,0,0,0,0,0,0,0,-1
0,1,1,0,0,1,0,0,0,0,0,0,5,0,0,2,1,0,0,5,0,0,0,0,0,0,0,5,0,0,0,2,0,0,0,3,0,0,0,0,0,0,0,0,-1
1,1,1,0,0,0.75,0,0,0.4588,0,1,0,6,0,0,0,2,0,0,1,0,0,0,0,1,0,0,9,0,0,0,0,0,0,0,1,0,0,0,0,0,0,0,0,-1
1,0,0,0,0,0.714,0,0,0.7906,0,1,0,2,0,1,4,3,0,0,2,0,0,0,2,1,0,0,1,0,0,0,1,0,2,0,2,0,1,0,0,1,0,0,2,-1
1,1,1,0,0,0.735,0,0,-0.5574,0,1,0,4,0,0,2,1,0,0,1,0,0,0,0,1,0,0,1,0,0,0,1,0,1,0,0,0,0,0,1,1,0,0,1,-1
0,1,1,0,0,0.741,0,0,0.6739,0,0,0,2,0,0,0,0,0,0,0,0,0,0,0,1,0,0,13,0,0,0,0,0,0,0,0,0,0,0,0,1,0,0,0,-1
1,0,1,0,0,0.802,0,0,0.2023,0,2,1,5,0,2,2,0,0,0,1,0,0,0,1,0,0,0,6,0,0,0,1,0,1,0,1,0,0,0,0,0,0,0,1,-1
0,0,0,0,0,1,0,0,0,0,0,0,1,0,0,0,1,1,0,1,0,0,0,1,0,0,0,0,0,1,0,0,0,0,0,1,0,0,0,0,0,0,0,0,-1
1,1,1,0,0,0.419,0,0,-0.7096,0,1,0,2,0,0,1,0,0,0,0,0,0,0,0,1,0,1,8,0,0,0,0,0,0,0,0,0,0,0,1,0,0,0,0,-1
0,1,0,0,0,0.619,0,0,0.5719,0,0,0,4,0,1,2,0,0,0,0,0,0,0,0,0,0,0,0,0,0,0,0,0,0,0,1,0,0,0,0,0,0,0,0,-1
1,0,1,0,1,0.752,0,0,0.6468,0,2,0,2,0,0,3,2,0,0,1,0,0,0,0,0,0,0,6,0,0,0,0,0,0,0,1,0,0,0,0,1,0,0,0,-1
0,1,0,0,0,0.606,0,0,0.2633,0,0,3,3,0,0,1,1,0,0,3,0,0,0,1,0,0,1,3,0,0,0,3,1,2,0,0,0,0,2,0,1,1,0,2,-1
1,1,1,0,0,0.884,0,0,0.3612,0,1,2,4,0,0,3,0,0,0,4,0,0,0,0,1,0,0,5,0,0,2,4,0,1,0,0,0,0,0,0,0,0,0,1,-1
0,1,0,0,1,0.81,0,0,0.6114,0,1,1,6,0,1,1,1,0,0,1,0,0,0,1,1,0,0,4,0,1,1,0,0,0,0,1,0,0,0,0,0,0,0,0,-1
1,0,1,0,0,0.829,0,0,0.5719,0,2,1,1,0,0,2,0,0,0,1,0,0,0,0,0,0,1,12,0,0,0,0,1,0,0,1,0,0,0,0,0,1,0,0,-1
1,0,1,0,0,1,0,0,0,0,1,1,2,0,0,1,1,0,0,1,0,0,0,0,0,0,0,7,0,0,0,0,1,0,0,1,0,0,0,0,0,1,0,0,-1
1,0,1,0,0,0.829,0,0,0.5719,0,2,1,1,0,0,2,0,0,0,1,0,0,0,0,0,0,1,12,0,0,0,0,1,0,0,1,0,0,0,0,0,1,0,0,-1
1,0,1,0,0,0.829,0,0,0.5719,0,2,1,1,0,0,2,0,0,0,1,0,0,0,0,0,0,1,12,0,0,0,0,1,0,0,1,0,0,0,0,0,1,0,0,-1
1,0,1,0,0,0.892,0,0,-0.3182,0,2,0,7,0,0,1,0,0,0,3,0,0,0,1,1,0,0,5,0,1,0,2,0,0,0,1,0,1,0,1,0,0,0,0,-1
1,0,1,0,0,1,0,0,0,0,3,1,5,0,0,1,0,0,0,1,0,0,0,0,1,0,0,4,0,0,1,1,0,1,0,2,0,0,1,0,1,0,0,1,-1
1,0,1,0,0,0.832,0,0,-0.6652,0,1,2,3,0,2,2,1,0,0,1,0,0,0,2,2,0,0,3,0,0,0,1,0,2,0,1,0,0,1,0,0,0,0,2,-1
1,0,1,0,0,0.829,0,0,0.5719,0,2,1,1,0,0,2,0,0,0,1,0,0,0,0,0,0,1,12,0,0,0,0,1,0,0,1,0,0,0,0,0,1,0,0,-1
1,0,1,0,0,0.829,0,0,0.5719,0,2,1,1,0,0,2,0,0,0,1,0,0,0,0,0,0,1,12,0,0,0,0,1,0,0,1,0,0,0,0,0,1,0,0,-1
1,1,1,0,0,1,0,0,0,1,1,1,5,1,1,1,0,0,0,2,0,0,0,0,1,0,0,1,0,0,0,1,0,0,0,0,0,0,0,1,0,0,0,0,-1
1,0,1,0,0,0.829,0,0,0.5719,0,2,1,1,0,0,2,0,0,0,1,0,0,0,0,0,0,1,12,0,0,0,0,1,0,0,1,0,0,0,0,0,1,0,0,-1
1,0,1,0,0,0.909,0,0,-0.3197,0,1,2,5,0,1,5,0,0,0,2,0,0,0,0,1,0,0,3,1,0,0,0,0,1,0,3,0,0,0,0,0,0,0,1,-1
1,0,1,0,0,0.933,0,0,0.0772,0,1,0,4,0,0,1,0,0,0,1,0,0,0,4,2,0,0,1,0,0,0,1,0,2,0,0,0,1,1,0,1,0,0,2,-1
1,1,1,0,0,1,0,0,0,0,1,0,5,0,0,2,0,0,0,1,0,0,0,0,1,0,0,6,0,0,1,1,0,0,0,1,0,0,0,0,0,0,0,0,-1
1,0,1,0,0,0.832,0,0,0.5912,0,1,0,5,0,1,2,2,0,0,2,0,0,0,0,1,0,0,4,0,0,1,0,0,1,1,2,0,0,0,0,0,0,0,1,-1
1,1,1,0,0,1,0,0,0,0,1,0,4,0,0,0,0,0,0,0,0,0,0,0,0,0,0,3,0,0,0,0,0,0,0,2,0,0,0,0,0,0,0,0,-1
1,0,1,0,0,1,0,0,0,0,1,1,7,0,0,0,2,0,0,2,0,0,0,0,1,0,0,6,0,0,0,0,0,1,0,0,0,0,1,0,0,0,0,1,-1
1,1,1,0,0,1,0,0,0,0,1,0,3,0,0,1,0,0,0,1,0,0,0,2,0,0,0,6,0,0,0,1,0,1,0,3,0,0,0,0,1,0,0,1,-1
1,0,1,0,0,0.892,0,0,-0.3182,0,2,0,7,0,0,1,0,0,0,3,0,0,0,1,1,0,0,5,0,1,0,2,0,0,0,1,0,1,0,1,0,0,0,0,-1
1,1,1,0,1,0.907,0,0,0.2401,0,1,0,5,0,1,2,2,0,0,1,0,0,0,1,0,0,0,1,0,1,1,3,0,2,0,1,0,1,0,1,1,0,0,2,-1
0,1,0,0,0,1,0,0,0,0,0,0,7,0,1,0,0,0,0,2,0,0,0,1,2,0,0,1,0,0,0,1,0,2,0,1,0,0,1,0,2,0,0,2,-1
1,0,1,0,1,0.604,0,0,0.92,0,2,0,3,0,0,0,0,0,0,3,0,0,0,2,1,0,0,5,0,1,0,1,0,1,0,3,0,2,1,2,0,0,0,1,-1
1,1,1,0,0,1,0,0,0,0,1,0,6,0,0,2,0,0,0,1,0,0,0,0,1,0,0,5,0,0,0,0,0,0,0,1,0,0,0,0,0,0,0,0,-1
1,0,1,0,0,0.829,0,0,0.5719,0,2,1,1,0,0,2,0,0,0,1,0,0,0,0,0,0,1,12,0,0,0,0,1,0,0,1,0,0,0,0,0,1,0,0,-1
1,0,1,0,0,0.847,0,0,-0.4703,0,2,1,2,0,0,1,2,0,0,2,0,0,0,0,2,0,0,6,0,1,1,1,1,0,0,0,0,0,0,0,0,1,0,0,-1
1,0,1,0,0,0.892,0,0,-0.3182,0,2,0,7,0,0,1,0,0,0,3,0,0,0,1,1,0,0,5,0,1,0,2,0,0,0,1,0,1,0,1,0,0,0,0,-1
1,1,1,0,0,1,0,0,0,0,1,0,4,0,0,0,0,0,0,0,0,0,0,0,0,0,0,3,0,0,0,0,0,0,0,2,0,0,0,0,0,0,0,0,-1
1,0,1,0,0,0.829,0,0,0.5719,0,2,1,1,0,0,2,0,0,0,1,0,0,0,0,0,0,1,12,0,0,0,0,1,0,0,1,0,0,0,0,0,1,0,0,-1
1,1,1,0,1,1,0,0,0,0,1,0,6,0,0,4,0,0,0,2,0,0,0,0,1,0,2,2,0,0,0,0,0,0,0,0,0,0,0,0,0,0,0,0,-1
1,0,1,0,0,0.829,0,0,0.5719,0,2,1,1,0,0,2,0,0,0,1,0,0,0,0,0,0,1,12,0,0,0,0,1,0,0,1,0,0,0,0,0,1,0,0,-1
1,0,1,0,1,0.505,0,0,0.8725,0,2,0,3,0,1,1,0,0,0,1,0,0,0,2,4,0,0,5,0,1,1,0,0,0,0,1,0,0,1,0,0,0,0,0,-1
1,0,1,0,0,0.829,0,0,0.5719,0,2,1,1,0,0,2,0,0,0,1,0,0,0,0,0,0,1,12,0,0,0,0,1,0,0,1,0,0,0,0,0,1,0,0,-1
1,1,1,0,1,0.915,0,0,0.2401,0,1,0,5,0,1,2,2,0,0,1,0,0,0,1,0,0,0,1,0,1,1,3,0,2,0,1,0,1,0,1,1,0,0,2,-1
1,1,1,0,0,1,0,0,0,0,1,0,5,0,1,1,2,1,0,1,0,0,0,2,0,0,0,5,0,0,0,0,0,0,0,1,0,1,0,0,1,0,0,0,-1
1,0,1,0,0,0.829,0,0,0.5719,0,2,1,1,0,0,2,0,0,0,1,0,0,0,0,0,0,1,12,0,0,0,0,1,0,0,1,0,0,0,0,0,1,0,0,-1
1,0,1,0,0,0.829,0,0,0.5719,0,2,1,1,0,0,2,0,0,0,1,0,0,0,0,0,0,1,12,0,0,0,0,1,0,0,1,0,0,0,0,0,1,0,0,-1
1,0,1,0,0,0.821,0,0,0.5719,0,2,1,1,0,0,1,0,0,0,1,0,0,0,0,0,0,1,11,0,0,0,0,1,0,0,1,0,0,0,0,0,1,0,0,-1
1,1,1,0,1,0.589,0,0,0.636,0,1,0,3,0,1,1,0,0,0,0,0,0,0,1,1,0,0,2,0,0,0,0,0,0,0,0,0,0,0,0,0,0,0,0,-1
1,1,1,0,1,0.589,0,0,0.636,0,1,0,3,0,1,1,0,0,0,0,0,0,0,1,1,0,0,2,0,0,0,0,0,0,0,0,0,0,0,0,0,0,0,0,-1
1,0,1,0,0,0.909,0,0,-0.3197,0,1,2,5,0,1,5,0,0,0,2,0,0,0,0,1,0,0,3,1,0,0,0,0,1,0,3,0,0,0,0,0,0,0,1,-1
1,0,1,0,0,0.755,0,0,-0.7579,0,0,0,4,0,0,1,1,1,0,4,0,1,0,0,0,0,0,4,0,0,4,2,0,2,0,2,0,0,0,1,0,0,0,2,-1
0,1,1,0,0,0.815,0,0,0.3612,0,1,0,2,0,0,0,0,1,0,1,0,0,0,0,0,0,0,3,0,0,2,0,1,0,0,1,0,0,0,0,0,1,0,0,-1
1,1,1,0,0,1,0,0,0,0,1,0,7,0,0,0,0,0,0,0,0,0,0,2,0,0,0,1,0,0,0,0,0,2,0,2,0,1,1,0,1,0,0,2,-1
1,0,1,0,0,1,0,0,0,0,3,1,5,0,0,1,0,0,0,1,0,0,0,0,1,0,0,4,0,0,1,1,0,1,0,2,0,0,1,0,1,0,0,1,-1
1,0,1,0,0,0.673,0,0,0.7783,0,2,0,5,0,0,1,0,0,0,1,0,0,0,0,0,0,0,9,0,0,0,0,0,1,0,0,0,0,1,0,1,0,0,1,-1
1,1,1,0,1,0.589,0,0,0.636,0,1,0,3,0,1,1,0,0,0,0,0,0,0,1,1,0,0,2,0,0,0,0,0,0,0,0,0,0,0,0,0,0,0,0,-1
1,0,1,0,0,0.755,0,0,-0.7579,0,0,0,4,0,0,1,1,1,0,4,0,1,0,0,0,0,0,4,0,0,4,2,0,2,0,2,0,0,0,1,0,0,0,2,-1
1,1,0,0,1,0.758,0,0,-0.2244,0,0,0,5,0,2,3,1,1,0,1,0,0,0,3,0,0,0,2,0,0,0,0,0,2,0,2,0,1,1,2,0,0,0,2,-1
1,1,1,0,0,1,0,0,0,0,1,1,4,0,0,0,1,0,0,0,0,0,0,2,0,0,0,9,0,0,1,0,0,3,0,0,0,0,1,0,0,0,0,3,-1
0,1,0,0,0,0.75,0,0,-0.25,0,0,0,6,0,0,0,1,0,0,0,0,0,0,1,0,0,0,0,0,0,0,0,0,0,0,2,0,0,0,0,0,0,0,0,-1
1,0,1,0,0,0.78,0,0,-0.4767,0,1,0,6,0,1,2,0,0,0,0,0,0,0,1,0,0,0,2,0,0,0,0,0,1,0,1,0,1,0,0,0,0,0,1,-1
0,1,0,0,0,1,0,0,0,0,0,2,4,0,2,0,1,1,0,1,0,0,0,3,1,0,0,1,0,0,1,1,0,2,0,3,0,0,0,0,0,0,0,2,-1
1,1,1,1,0,0.82,0,0,0.5106,0,1,0,7,0,0,2,0,1,0,1,0,0,0,0,0,0,0,3,0,0,2,0,0,1,0,1,0,0,1,0,0,0,0,1,-1
0,1,0,0,1,0.81,0,0,0.6114,0,1,1,6,0,1,1,1,0,0,1,0,0,0,1,1,0,0,4,0,1,1,0,0,0,0,1,0,0,0,0,0,0,0,0,-1
0,1,0,0,0,0.805,0,0,-0.5267,0,1,1,4,0,0,2,0,0,0,2,0,0,0,0,0,0,0,8,0,0,0,0,0,0,0,1,0,0,0,0,0,0,0,0,-1
1,1,1,0,0,1,0,0,0,1,1,0,4,0,0,0,0,0,0,1,0,0,0,0,2,0,0,10,0,0,0,0,0,0,0,1,0,0,1,0,0,0,0,0,-1
0,1,0,0,1,0.81,0,0,0.6114,0,1,1,6,0,1,1,1,0,0,1,0,0,0,1,1,0,0,4,0,1,1,0,0,0,0,1,0,0,0,0,0,0,0,0,-1
1,0,0,1,0,1,0,0,0,0,1,0,4,0,0,0,0,0,0,0,0,0,0,0,0,0,0,12,0,0,0,0,0,0,0,0,0,0,1,0,0,0,0,0,-1
1,1,0,0,0,0.652,0,0,-0.25,0,1,0,6,0,0,0,0,0,0,1,0,0,0,0,1,0,0,11,0,1,0,1,0,0,0,1,0,0,0,0,0,0,0,0,-1
0,0,1,0,0,0.806,0,0,-0.5574,0,1,1,3,0,1,0,1,1,0,2,0,0,0,1,0,0,0,3,0,0,0,0,0,0,0,1,0,0,0,0,0,0,0,0,-1
0,1,1,0,0,0.821,0,0,0.5719,0,0,2,4,0,0,2,2,0,0,2,0,0,0,0,1,0,0,2,0,0,0,1,0,1,0,2,0,0,1,0,0,0,0,1,-1
0,1,1,0,0,0.785,0,0,-0.6249,0,0,0,4,0,1,1,0,0,0,1,0,0,0,1,1,0,0,3,1,0,0,0,0,1,0,2,0,0,0,0,1,0,0,1,-1
1,1,0,0,1,0.492,0,0,-0.9102,0,1,2,6,0,2,4,0,0,0,1,0,0,0,1,0,0,0,2,0,0,0,0,0,1,0,2,0,0,0,0,1,0,0,1,-1
0,1,0,0,0,0.627,0,0,0.4404,0,1,0,5,0,0,3,0,0,0,3,0,0,0,0,1,0,0,3,0,0,0,0,0,0,0,1,0,0,1,1,1,0,0,0,-1
1,0,1,1,0,0.795,0,0,0.5204,0,1,1,5,0,0,1,2,2,0,0,0,0,0,0,1,0,0,3,0,0,0,0,0,0,0,1,0,0,0,0,0,0,0,0,-1
1,1,0,0,1,1,0,0,0,0,0,2,7,0,0,1,0,0,0,1,0,0,0,0,0,0,0,6,0,0,1,0,0,1,0,2,0,0,0,0,0,0,0,1,-1
1,1,1,0,0,0.7,0,0,0.4588,0,1,0,3,0,0,0,0,0,0,1,0,0,0,0,0,0,0,7,0,0,0,0,0,0,0,0,0,0,0,0,0,0,0,0,-1
0,1,0,0,1,0.81,0,0,0.6114,0,1,1,6,0,1,1,1,0,0,1,0,0,0,1,1,0,0,4,0,1,1,0,0,0,0,1,0,0,0,0,0,0,0,0,-1
1,1,0,0,0,1,0,0,0,0,0,0,2,0,0,0,1,0,1,1,0,0,0,0,0,0,0,1,0,0,0,0,0,1,0,0,0,1,0,0,0,0,0,1,-1
1,0,1,0,0,0.69,0,0,0.4019,0,2,1,2,0,0,1,0,0,1,0,0,0,0,0,1,0,0,3,0,0,0,0,0,1,0,0,0,0,0,0,0,0,0,1,-1
0,1,1,0,0,0.716,0,0,-0.6956,0,1,0,4,0,0,1,0,0,0,0,0,0,0,0,0,0,0,7,0,0,0,0,0,1,0,0,0,0,1,0,0,0,0,1,-1
0,1,1,0,0,0.79,0,0,0.4927,0,1,1,3,0,0,1,2,1,0,0,0,0,0,0,0,0,0,6,0,0,0,0,0,0,1,0,0,0,1,0,0,0,0,0,-1
0,0,1,0,0,1,0,0,0,0,0,0,2,0,0,2,5,1,0,2,0,0,0,0,1,0,0,1,0,0,0,1,0,2,0,0,0,0,0,2,3,0,0,2,-1
1,1,1,0,0,0.706,0,0,0.8176,0,0,2,4,0,1,1,0,1,0,4,0,0,0,2,1,0,0,1,0,0,0,0,0,3,0,0,0,0,0,1,1,0,0,3,-1
1,0,1,0,1,1,0,0,0,0,2,0,1,0,0,0,0,0,0,1,0,0,0,0,0,0,0,6,0,0,0,0,0,0,0,0,0,0,0,0,0,0,0,0,-1
1,0,1,0,1,0.676,0,0,0.6459,0,2,0,1,0,0,3,2,0,0,1,0,0,0,0,1,0,0,6,0,0,0,1,0,0,0,0,0,0,0,0,0,0,0,0,-1
0,1,0,0,0,0.645,0,0,-0.4461,0,2,0,5,0,0,6,0,0,0,1,0,0,0,2,1,0,0,1,0,1,0,1,0,0,0,1,0,0,0,0,2,0,0,0,-1
1,0,1,0,1,0.698,0,0,0.811,0,2,0,4,0,0,1,1,3,0,2,0,0,0,0,1,0,0,4,0,0,0,0,0,1,0,1,0,0,1,0,0,0,0,1,-1
1,0,0,0,0,1,0,0,0,0,1,0,4,0,0,0,0,0,0,1,0,0,0,0,0,0,0,6,0,0,0,0,0,0,0,0,0,0,0,0,0,0,0,0,-1
1,1,0,1,0,0.743,0,0,0.6322,0,1,1,8,0,0,4,0,0,0,0,0,0,0,0,0,0,0,5,0,0,0,0,0,0,0,0,0,0,0,0,0,0,0,0,-1
0,1,1,0,0,0.839,0,0,-0.4703,0,0,1,3,0,0,0,2,0,0,2,0,0,0,0,2,0,0,5,0,1,1,1,1,0,0,0,0,0,0,0,0,1,0,0,-1
0,0,1,1,0,0.727,0,0,0.5423,0,0,1,1,0,1,1,0,0,0,1,0,0,0,1,1,0,0,1,0,0,0,1,1,3,0,0,0,0,0,0,1,1,0,3,-1
1,0,0,0,0,0.856,0,0,0.4939,0,1,0,4,0,0,3,2,0,0,2,0,0,0,2,0,0,0,4,0,0,2,0,0,1,0,1,0,2,0,1,0,0,0,1,-1
1,1,0,0,0,0.878,0,0,0.3612,0,1,0,3,1,1,3,0,0,0,1,0,0,0,1,0,0,1,5,0,0,1,0,0,2,0,2,0,0,0,1,3,0,0,2,-1
0,1,0,0,0,0.867,0,0,-0.3818,0,1,2,6,0,0,1,2,1,0,1,0,0,0,0,0,0,0,4,0,0,0,0,0,0,0,2,0,0,0,0,0,0,0,0,-1
0,1,1,0,0,0.839,0,0,-0.4703,0,0,1,3,0,0,0,2,0,0,2,0,0,0,0,2,0,0,5,0,1,1,1,1,0,0,0,0,0,0,0,0,1,0,0,-1
0,1,0,0,0,1,0,0,0,0,1,0,9,0,1,3,0,0,0,2,0,0,0,2,2,0,0,0,0,0,0,0,0,0,0,2,0,1,0,0,1,0,0,0,-1
0,1,1,0,0,1,0,0,0,0,0,0,8,0,1,2,1,0,0,4,0,0,0,0,0,0,0,2,0,0,2,0,0,0,0,2,0,0,0,3,0,0,0,0,-1
0,1,0,0,0,1,0,0,0,0,2,1,6,0,0,2,0,0,0,1,0,0,0,0,1,0,0,4,0,0,1,0,0,0,0,2,0,0,0,0,0,0,0,0,-1
1,0,1,0,0,0.797,0,0,-0.4215,0,2,0,1,0,0,2,4,1,0,1,0,0,0,0,1,0,0,3,0,0,0,0,0,0,0,1,0,0,0,0,2,0,0,0,-1
1,1,0,0,0,0.697,0,0,0.128,0,1,3,3,0,0,5,0,0,0,1,0,0,0,0,0,0,0,4,0,0,1,0,0,2,0,0,0,0,1,0,0,0,0,2,-1
1,1,1,0,0,0.708,0,0,0.7906,0,0,1,2,0,0,2,1,0,0,2,1,0,0,0,1,0,0,7,0,0,3,0,0,2,0,1,0,0,0,0,1,0,0,2,-1
0,1,0,0,0,1,0,0,0,0,0,2,9,0,1,3,1,0,0,1,0,1,0,1,0,0,0,1,0,0,1,1,0,1,0,2,0,0,0,0,0,0,0,1,-1
1,1,1,0,0,1,0,0,0,0,1,1,5,0,0,2,2,2,0,1,0,0,0,0,0,0,0,5,0,0,1,0,0,0,0,0,0,0,1,0,0,0,0,0,-1
0,1,0,0,0,0.821,0,0,0.5719,0,0,0,4,0,0,1,0,1,0,1,0,0,0,0,1,0,1,3,1,0,2,0,1,0,0,2,0,0,0,0,0,1,0,0,-1
1,1,1,0,1,0.868,0,0,0.3802,0,1,0,4,0,0,3,0,1,0,1,0,0,0,1,1,0,0,6,0,0,1,0,0,1,0,0,0,0,1,0,1,0,0,1,-1
0,1,0,0,0,1,0,0,0,0,0,1,3,0,0,2,1,0,0,1,0,0,0,0,1,0,0,8,0,0,0,1,0,0,0,1,0,0,2,0,0,0,0,0,-1
0,1,0,0,0,0.735,0,0,-0.6597,0,0,1,6,0,0,2,1,0,0,3,0,0,0,0,0,0,0,2,0,0,0,0,1,0,0,3,0,0,0,0,0,1,0,0,-1
0,1,1,0,0,0.553,0,0,-0.3182,0,1,1,4,0,0,1,0,0,0,3,0,0,0,0,0,0,0,3,0,0,0,0,0,0,0,1,0,0,2,1,0,0,0,0,-1
0,1,0,0,0,1,0,0,0,0,0,1,3,0,0,2,1,0,0,1,0,0,0,0,1,0,0,8,0,0,0,1,0,0,0,1,0,0,2,0,0,0,0,0,-1
1,0,0,0,0,0.769,0,0,0.5106,0,1,1,3,0,0,2,2,0,0,2,0,0,0,0,1,0,0,2,0,0,0,0,0,1,0,1,0,0,0,0,0,0,0,1,-1
1,1,1,0,0,1,0,0,0,0,1,1,3,0,0,4,2,1,0,2,0,0,0,0,1,0,0,4,0,0,1,1,0,0,0,1,0,0,0,0,0,0,0,0,-1
0,1,0,1,0,1,0,0,0,0,0,1,5,1,1,0,1,2,0,0,0,0,0,2,0,0,0,4,0,0,0,1,0,0,0,0,0,0,0,1,0,0,0,0,-1
1,0,1,0,0,1,0,0,0,0,1,0,1,0,0,2,0,1,0,0,0,0,0,0,0,0,0,2,0,0,0,0,0,0,0,0,0,0,0,0,0,0,0,0,-1
1,0,0,0,1,0.659,0,0,-0.3802,0,1,0,3,0,0,0,0,0,0,0,0,0,0,1,0,0,0,2,0,0,0,0,0,0,0,0,1,0,0,0,0,0,0,0,-1
1,1,1,0,0,1,0,0,0,0,1,0,6,0,0,2,0,0,0,2,0,0,0,1,0,0,0,6,0,0,0,0,0,0,0,2,1,0,1,0,1,0,0,0,-1
0,1,0,0,0,0.798,0,0,0.4215,0,2,2,4,0,0,0,1,1,0,2,0,0,0,0,1,0,0,4,1,0,0,0,0,1,0,1,0,0,0,0,0,0,0,1,-1
1,1,1,0,0,1,0,0,0,0,1,2,6,0,0,1,0,1,0,1,0,0,0,0,0,0,0,4,0,0,0,0,0,0,0,1,0,0,0,0,0,0,0,0,-1
0,1,0,0,0,1,0,0,0,0,0,0,5,0,0,1,1,0,0,0,0,0,0,0,1,0,0,1,0,0,0,0,0,0,0,2,0,0,0,1,0,0,0,0,-1
1,1,1,0,0,1,0,0,0,0,1,1,3,0,0,1,1,0,0,0,0,0,0,0,0,0,0,6,0,0,0,0,0,0,0,1,0,0,0,0,0,0,0,0,-1
0,1,0,0,0,1,0,0,0,0,0,2,6,0,0,2,1,0,0,3,0,0,0,0,1,0,0,0,0,0,1,0,0,1,0,2,0,1,1,0,0,0,0,1,-1
1,1,1,0,0,1,0,0,0,0,1,1,3,0,2,3,0,0,0,1,1,0,0,0,1,0,0,4,0,0,0,0,0,0,0,2,0,0,1,0,1,0,0,0,-1
0,1,0,0,0,0.829,0,0,0.5719,0,1,0,5,0,0,2,2,0,0,0,0,0,0,1,1,0,0,5,0,0,0,0,0,0,0,0,0,0,1,1,0,0,0,0,-1
0,1,0,0,0,0.853,0,0,0.4767,0,1,0,4,0,1,1,0,0,0,2,0,0,0,1,1,0,0,7,0,0,0,0,0,0,0,1,0,0,0,1,0,0,0,0,-1
1,1,0,0,0,0.743,0,0,0.0516,0,1,0,3,0,0,4,1,1,0,3,0,0,0,0,1,0,0,2,0,0,1,0,0,1,0,3,0,0,0,0,1,0,0,1,-1
1,0,1,0,1,0.417,0,0,0.9571,0,1,0,3,0,0,3,1,0,0,0,0,0,1,1,0,0,0,6,0,0,0,0,0,1,0,1,0,0,1,0,1,0,0,1,-1
1,0,0,0,0,0.776,0,0,0.3818,0,1,0,4,0,0,1,0,0,0,1,0,0,0,1,2,0,0,0,0,0,0,0,0,0,0,1,0,0,1,0,0,0,0,0,-1
1,0,1,0,0,0.563,0,0,-0.7351,0,1,1,4,0,0,1,2,0,0,0,0,0,0,0,0,0,0,2,0,0,1,0,0,1,0,0,0,0,0,0,0,0,0,1,-1
0,1,0,0,1,1,0,0,0,0,0,0,4,0,0,0,0,0,0,0,0,0,0,0,0,0,0,0,0,0,1,0,0,0,0,1,0,0,0,0,0,0,0,0,-1
1,1,1,0,0,0.769,0,0,0.0258,0,0,2,3,1,0,2,2,1,0,2,0,0,0,0,1,0,0,2,0,1,0,0,0,4,0,2,0,0,1,0,2,0,0,4,-1
1,1,0,0,0,0.72,0,0,0.3252,0,1,0,3,0,1,3,1,1,0,1,0,0,0,0,0,0,0,3,0,0,1,0,0,1,0,1,0,0,0,0,0,0,0,1,-1
1,1,0,0,0,1,0,0,0,0,1,0,6,0,0,3,0,0,0,2,0,0,0,0,1,0,0,4,0,0,0,0,0,0,0,1,0,0,0,0,1,0,0,0,-1
1,1,0,0,0,0.765,0,0,-0.4215,0,1,0,5,0,1,3,1,1,0,1,0,0,0,1,0,0,0,2,0,0,1,1,0,1,0,2,0,0,0,0,1,0,0,1,-1
1,1,0,0,0,0.762,0,0,0.6486,0,1,0,4,0,0,2,1,0,0,1,0,0,0,1,1,0,0,3,0,0,0,0,0,3,0,2,0,2,2,0,2,0,0,3,-1
1,1,0,0,0,0.728,0,0,0.6808,0,1,0,3,0,0,4,1,2,0,1,0,0,0,1,1,0,0,1,0,0,1,0,0,1,0,3,0,0,0,0,1,0,0,1,-1
1,0,1,0,0,0.796,0,0,0.3182,0,0,2,4,0,0,2,1,0,0,0,0,0,0,0,0,0,0,4,0,0,0,0,0,0,0,0,0,0,0,0,0,0,0,0,-1
1,0,1,1,0,1,0,0,0,0,1,1,2,0,1,1,0,0,0,0,0,0,0,1,1,0,0,1,1,0,0,0,0,2,0,1,0,0,0,0,1,0,0,2,-1
1,0,1,0,0,0.936,0,0,0.0258,0,1,1,6,0,1,1,0,0,0,4,0,0,0,1,0,0,0,2,0,0,0,0,0,1,0,4,0,0,0,0,0,0,0,1,-1
0,0,1,0,0,0.874,0,0,0.4648,0,0,0,1,0,0,0,1,0,0,1,0,0,1,1,2,0,0,12,0,0,1,0,0,1,0,1,0,1,1,0,0,0,0,1,-1
1,0,1,0,1,0.627,0,0,0.8723,0,2,1,5,1,0,2,1,2,0,0,0,0,0,0,0,0,0,2,0,0,1,0,0,2,0,1,0,0,0,0,0,0,0,2,-1
1,1,0,0,1,0.667,0,0,0.6689,0,0,0,4,0,1,1,1,0,0,0,0,0,0,1,1,0,0,7,0,0,0,0,0,1,0,0,0,0,0,1,0,0,0,1,-1
1,1,0,0,0,1,0,0,0,0,1,0,5,0,0,1,1,0,0,0,0,0,0,0,0,0,0,10,0,0,0,0,0,1,0,0,0,0,1,0,1,0,0,1,-1
0,1,1,1,0,0.661,0,0,0.6249,0,0,0,4,0,0,1,0,0,0,0,0,0,0,0,0,0,0,1,0,0,1,1,1,0,0,0,0,0,0,0,0,1,0,0,-1
1,1,1,0,0,0.838,0,0,0.4019,0,1,0,8,0,0,1,0,1,0,1,0,0,0,0,0,0,0,7,0,0,0,0,0,0,0,1,0,0,1,0,0,0,0,0,-1
1,1,0,0,0,1,0,0,0,0,1,1,7,0,0,0,2,1,0,3,0,0,0,0,0,0,0,2,0,0,1,1,0,1,0,1,0,1,2,0,0,0,0,1,-1
1,1,0,0,0,0.813,0,0,0.5596,0,1,0,6,1,1,2,3,0,0,0,0,0,0,3,0,0,0,1,0,0,1,0,0,4,0,0,0,1,2,0,2,0,0,4,-1
0,1,0,0,0,0.645,0,0,0.5106,0,0,0,2,0,0,1,0,0,0,0,0,0,0,0,2,0,0,3,0,0,0,0,0,0,0,0,0,0,0,0,0,0,0,0,-1
1,0,1,0,0,1,0,0,0,0,2,0,0,0,0,0,0,0,0,0,0,0,0,0,1,0,0,10,0,0,0,0,0,0,0,0,0,0,0,0,1,0,0,0,-1
1,1,0,0,0,1,0,0,0,0,1,2,5,0,0,1,2,0,0,3,0,0,0,0,1,0,0,4,0,0,0,1,0,0,0,2,0,0,0,0,0,0,0,0,-1
1,1,1,0,0,1,0,0,0,0,1,0,4,1,0,1,0,1,0,1,0,0,0,0,0,0,0,8,0,0,1,0,0,0,0,0,0,0,1,0,1,0,0,0,-1
1,1,0,0,1,0.62,0,0,0.7637,0,1,3,4,0,0,3,2,0,0,1,0,0,0,1,0,0,1,2,2,0,0,0,0,1,0,1,0,0,1,0,0,0,0,1,-1
1,1,0,0,0,0.753,0,0,-0.3612,0,0,1,4,0,0,2,0,1,0,1,0,0,0,0,2,0,0,3,0,0,0,0,0,2,0,2,0,0,0,1,2,0,0,2,-1
0,1,1,0,0,1,0,0,0,0,1,0,1,0,0,0,0,1,0,0,0,0,0,0,0,0,0,1,0,0,0,0,0,0,0,0,0,0,0,0,0,0,0,0,-1
0,1,1,0,0,0.745,0,0,0.6249,0,1,0,4,0,1,2,0,0,0,1,0,0,0,1,0,0,0,2,0,0,1,0,1,0,0,1,0,0,0,1,0,1,0,0,-1
1,0,0,0,0,1,0,0,0,0,1,0,1,0,0,0,1,1,0,0,0,0,0,0,0,0,0,1,0,0,0,0,0,1,0,0,0,0,0,0,0,0,0,1,-1
1,1,1,0,0,0.725,0,0,0.5106,0,1,0,5,0,2,0,0,0,0,0,0,0,0,1,1,0,0,12,0,0,0,0,0,0,0,0,0,0,1,0,3,0,0,0,-1
0,1,0,0,1,0.81,0,0,0.6114,0,1,1,6,0,1,1,1,0,0,1,0,0,0,1,1,0,0,4,0,1,1,0,0,0,0,1,0,0,0,0,0,0,0,0,-1
1,0,1,0,0,0.829,0,0,0.5719,0,2,1,1,0,0,1,0,0,0,1,0,0,0,0,0,0,1,12,0,0,0,0,1,0,0,1,0,0,0,0,0,1,0,0,-1
1,0,1,0,0,1,0,0,0,0,1,1,2,0,0,1,1,0,0,1,0,0,0,0,0,0,0,7,0,0,0,0,1,0,0,1,0,0,0,0,0,1,0,0,-1
0,1,0,0,0,1,0,0,0,0,1,0,6,0,0,1,0,0,0,2,0,0,0,0,1,0,0,6,0,0,0,0,0,0,0,4,0,0,1,0,0,0,0,0,-1
1,0,1,0,0,1,0,0,0,0,2,0,5,0,0,1,1,0,0,1,0,0,0,0,2,0,0,6,0,0,1,0,0,0,0,4,0,0,1,0,0,0,0,0,-1
0,1,0,0,1,0.81,0,0,0.6114,0,1,1,6,0,1,1,1,0,0,1,0,0,0,1,1,0,0,4,0,1,1,0,0,0,0,1,0,0,0,0,0,0,0,0,-1
0,1,0,0,0,1,0,0,0,0,0,3,5,0,0,1,1,0,0,4,0,0,0,1,3,0,0,4,0,0,0,2,0,0,0,0,0,1,0,0,0,0,0,0,-1
1,1,0,1,0,1,0,0,0,0,1,0,4,0,0,2,0,1,0,1,0,0,0,1,2,0,0,3,1,0,1,0,2,0,0,0,0,1,1,1,2,2,0,0,-1
1,1,0,0,0,0.687,0,0,0.8074,0,0,0,3,0,1,1,0,0,0,0,0,0,0,0,3,0,0,3,1,0,2,0,1,0,0,2,0,0,2,0,2,1,0,0,-1
1,1,0,0,0,0.869,0,0,-0.3089,0,1,0,3,0,0,2,0,0,0,1,0,0,0,0,1,0,0,7,0,0,0,0,0,1,0,2,0,0,0,1,1,0,0,1,-1
1,0,1,0,0,0.769,0,0,-0.4588,0,2,1,4,0,0,0,0,0,0,0,0,0,0,0,0,0,0,7,0,0,0,0,0,1,0,0,0,0,0,0,1,0,0,1,1
0,1,0,0,0,0.864,0,0,-0.5106,0,0,0,4,0,0,1,2,2,0,2,0,0,0,1,0,0,0,4,0,0,0,1,0,2,0,4,0,0,1,0,0,0,0,2,1
1,1,1,0,0,1,0,0,0,0,1,1,5,0,1,1,2,0,0,2,0,0,0,0,1,0,0,1,0,0,1,0,0,2,0,3,0,0,1,0,2,0,0,2,1
0,1,0,0,0,1,0,0,0,0,0,0,2,0,0,1,0,0,0,0,0,0,0,0,0,0,0,0,0,0,0,0,0,0,0,0,0,0,0,0,0,0,0,0,1
0,0,1,0,0,1,0,0,0,0,1,0,1,0,0,1,0,0,0,0,0,0,0,0,0,0,0,0,0,0,0,0,0,0,0,0,0,0,0,0,0,0,0,0,1
0,1,0,0,0,0.765,0,0,-0.6486,0,0,1,3,0,0,0,0,0,0,0,0,0,0,0,0,0,0,7,0,0,1,1,0,0,0,2,0,0,1,0,0,0,0,0,1
1,0,1,1,0,1,0,0,0,0,1,0,1,0,0,1,1,0,0,0,0,0,0,1,0,0,0,2,0,0,0,0,0,1,0,0,0,0,0,1,0,0,0,1,1
1,0,1,0,0,1,0,0,0,0,1,0,1,0,0,1,0,0,0,0,0,0,0,0,0,0,0,1,0,0,0,0,0,0,0,0,0,0,0,0,0,0,0,0,1
1,0,1,1,1,1,0,0,0,0,1,0,2,1,1,2,1,0,0,1,0,0,0,3,3,0,0,0,0,0,0,0,0,1,0,3,0,0,1,0,2,0,0,1,1
1,1,1,0,0,1,0,0,0,0,1,0,5,0,0,0,0,0,0,0,0,0,0,0,0,0,0,7,0,0,2,2,0,0,0,0,0,0,1,0,0,0,0,0,1
1,0,1,0,0,1,0,0,0,0,1,0,4,0,0,0,0,0,0,0,0,0,0,0,0,0,0,11,0,0,2,2,0,0,0,0,0,0,1,0,0,0,0,0,1
0,1,1,0,0,0.821,0,0,-0.486,0,0,1,8,0,0,3,1,1,0,4,0,0,0,0,0,0,0,0,0,0,0,1,0,0,0,3,0,0,0,1,0,0,0,0,-1
1,1,1,0,0,0.848,0,0,0.3612,0,1,0,3,0,0,3,1,0,0,1,0,0,0,0,0,0,0,9,0,0,0,0,0,0,0,0,0,0,1,0,0,0,0,0,1
1,1,1,0,0,1,0,0,0,0,1,0,6,0,0,1,0,0,0,0,0,0,0,0,0,0,1,11,0,0,1,2,0,0,0,0,0,0,1,0,0,0,0,0,1
1,1,1,0,0,1,0,0,0,0,1,0,3,0,0,2,0,0,0,0,0,0,0,0,0,0,0,1,0,0,0,0,0,0,0,0,0,0,0,0,0,0,0,0,1
1,1,1,0,0,1,0,0,0,0,1,0,4,0,0,3,0,0,0,0,0,0,0,0,0,0,0,5,0,0,0,0,0,0,0,0,0,0,0,0,0,0,0,0,1
1,0,0,0,0,1,0,0,0,0,0,0,1,0,0,2,1,0,0,0,0,0,0,0,0,0,0,0,0,0,2,0,0,3,0,0,0,0,1,0,1,0,0,3,1
1,0,1,0,0,0.704,0,0,0.7227,0,1,2,3,0,0,0,1,1,0,1,0,0,0,0,0,0,0,2,0,0,0,0,0,2,0,2,0,0,1,0,0,0,0,2,-1
0,1,1,0,0,0.383,0,0,0.9169,0,1,0,6,0,0,2,0,0,0,1,0,0,0,0,0,0,0,0,0,0,0,1,0,0,0,1,0,0,0,0,0,0,0,0,1
1,0,1,1,0,1,0,0,0,0,0,0,1,0,0,1,2,0,0,0,0,0,0,2,0,0,0,2,0,0,0,0,0,0,0,1,0,0,0,0,0,0,0,0,1
1,1,0,0,0,1,0,0,0,0,1,1,6,0,1,2,0,0,0,2,0,0,0,2,0,0,0,3,1,0,1,0,0,3,0,1,0,0,1,1,2,0,0,3,1
1,1,1,0,0,0.818,0,0,0.0516,0,1,0,9,0,3,1,0,0,0,1,0,1,0,2,0,0,0,4,0,0,1,1,0,0,0,0,0,0,1,0,0,0,0,0,1
1,1,0,0,0,1,0,0,0,1,1,0,1,0,0,1,0,0,0,1,0,0,0,0,0,0,0,2,0,0,0,0,0,0,0,0,0,0,0,0,0,0,0,0,1
1,0,1,0,0,0.524,0,0,0.6739,0,1,0,4,0,0,1,0,0,0,0,0,0,0,0,0,0,0,2,0,0,1,0,0,0,0,0,0,0,0,0,0,0,0,0,1
0,1,0,0,0,0.657,0,0,0.0772,0,0,1,4,0,0,4,0,0,0,1,0,0,0,0,0,0,0,1,0,0,0,1,0,0,0,0,0,0,0,0,1,0,0,0,1
1,0,1,0,0,0.565,0,0,0.6597,0,1,0,4,0,0,2,0,0,0,1,0,0,0,0,0,0,0,2,0,1,1,0,0,0,0,0,0,0,1,0,0,0,0,0,1
1,0,0,0,0,0.84,0,1,-0.2732,0,1,0,3,0,0,0,1,0,0,1,0,0,0,1,0,0,0,4,0,0,0,0,0,2,0,0,0,0,0,0,1,0,0,2,1
1,1,0,0,0,0.57,0,0,-0.4019,0,1,1,7,0,0,2,2,0,0,1,0,0,0,0,2,0,0,3,0,0,0,1,0,0,0,2,0,0,0,1,0,0,0,0,1
1,1,0,0,0,0.714,0,0,0.5859,0,0,0,4,0,1,1,2,0,0,1,0,0,0,2,0,0,0,2,0,0,0,0,0,2,0,0,0,1,0,0,0,0,0,2,1
1,1,0,0,0,0.776,0,0,0.5994,0,0,0,8,0,0,2,3,0,0,0,0,0,0,1,0,0,0,3,0,0,3,0,0,1,0,1,0,0,0,0,1,0,0,1,-1
1,0,0,0,0,0.645,0,0,-0.296,0,1,0,3,0,0,0,0,0,0,0,0,0,0,0,0,0,0,2,0,0,0,0,0,0,0,1,0,0,0,0,0,0,0,0,-1
1,0,1,0,0,0.826,0,0,-0.2732,0,1,0,3,0,1,0,1,1,0,0,0,0,0,1,1,0,0,4,0,0,0,0,0,1,0,0,0,0,0,0,1,0,0,1,1
0,1,0,0,0,0.896,0,0,-0.4215,0,1,2,6,0,1,1,3,2,0,2,0,0,0,0,1,0,0,1,0,0,0,0,0,1,0,2,0,0,0,1,0,0,0,1,-1
1,0,1,0,0,0.663,0,0,-0.7269,0,1,0,6,0,0,0,0,0,0,0,0,0,0,0,0,0,0,7,1,0,1,1,0,0,0,0,0,0,0,0,0,0,0,0,1
0,1,1,1,0,1,0,0,0,0,0,0,7,0,1,0,0,1,0,2,0,0,0,4,0,0,0,3,0,0,0,0,0,1,0,2,0,1,2,0,0,0,0,1,1
1,0,1,0,1,1,0,0,0,0,2,0,2,0,1,3,2,0,0,0,0,0,0,1,0,0,0,5,0,0,0,0,0,0,0,1,0,0,0,0,0,0,0,0,1
1,1,1,0,0,1,0,0,0,0,1,1,12,0,0,2,0,0,0,0,0,0,0,0,0,0,0,5,0,0,0,0,0,0,0,1,0,0,0,0,0,0,0,0,1
1,1,1,0,0,1,0,0,0,0,1,0,14,0,0,3,0,0,0,1,0,0,0,0,0,0,0,4,0,0,0,0,0,0,0,0,0,0,0,0,1,0,0,0,1
1,1,0,0,0,1,0,0,0,0,1,0,17,0,0,1,0,0,0,1,0,0,0,0,0,0,0,3,0,0,0,0,0,0,0,1,0,0,1,0,0,0,0,0,1
1,1,1,0,0,1,0,0,0,0,1,1,12,0,0,2,0,0,0,0,0,0,0,0,0,0,0,5,0,0,0,0,0,0,0,1,0,0,0,0,0,0,0,0,1
0,1,1,0,0,1,0,0,0,0,0,0,3,1,0,1,3,0,0,2,0,0,0,3,1,0,0,2,0,0,0,0,0,2,0,0,0,2,0,0,1,0,0,2,1
1,0,1,0,0,1,0,0,0,0,2,1,0,0,0,3,1,0,0,1,0,0,0,0,0,0,0,3,0,0,0,0,0,0,0,0,0,0,0,0,0,0,0,0,1
0,1,1,0,0,1,0,0,0,0,1,0,3,0,0,0,0,0,0,0,0,0,0,0,0,0,0,1,0,0,1,1,0,0,0,1,0,0,0,0,0,0,0,0,1
1,0,1,0,0,1,0,0,0,0,1,0,2,0,0,0,0,0,0,0,0,0,0,0,0,0,0,1,0,0,0,0,0,0,0,0,0,0,0,0,0,0,0,0,1
0,0,1,0,1,0.745,0,0,0.8016,0,1,0,8,0,1,0,0,2,0,2,0,0,0,1,1,0,0,3,0,0,1,1,0,0,0,2,0,1,1,1,0,0,0,0,1
1,0,1,0,0,1,0,0,0,0,1,0,2,0,0,0,0,0,0,0,0,0,0,0,0,0,0,3,0,0,0,0,0,0,0,0,0,0,0,0,0,0,0,0,1
0,1,1,0,0,0.821,0,0,-0.486,0,0,1,8,0,0,3,1,1,0,4,0,0,0,0,0,0,0,0,0,0,0,1,0,0,0,3,0,0,0,1,0,0,0,0,1
1,1,1,0,0,0.848,0,0,0.3612,0,1,0,3,0,0,3,1,0,0,1,0,0,0,0,0,0,0,9,0,0,0,0,0,0,0,0,0,0,1,0,0,0,0,0,1
1,1,1,0,0,1,0,0,0,0,1,0,6,0,0,1,0,0,0,0,0,0,0,0,0,0,1,11,0,0,1,2,0,0,0,0,0,0,1,0,0,0,0,0,1
1,1,1,0,0,1,0,0,0,0,1,0,3,0,0,2,0,0,0,0,0,0,0,0,0,0,0,1,0,0,0,0,0,0,0,0,0,0,0,0,0,0,0,0,1
0,1,1,1,0,0.867,0,0,0.4137,0,0,0,5,0,1,2,0,0,0,2,0,0,0,1,0,0,0,3,0,0,0,1,0,0,0,2,0,0,1,1,1,0,0,0,1
1,0,1,0,0,1,0,0,0,0,1,0,2,0,0,0,0,0,0,0,0,0,0,0,0,0,0,3,0,0,0,0,0,0,0,0,0,0,0,0,0,0,0,0,1
0,1,1,0,0,0.821,0,0,-0.486,0,0,1,8,0,0,3,1,1,0,4,0,0,0,0,0,0,0,0,0,0,0,1,0,0,0,3,0,0,0,1,0,0,0,0,1
1,1,1,0,0,0.848,0,0,0.3612,0,1,0,3,0,0,3,1,0,0,1,0,0,0,0,0,0,0,9,0,0,0,0,0,0,0,0,0,0,1,0,0,0,0,0,1
1,1,1,0,0,1,0,0,0,0,1,0,6,0,0,1,0,0,0,0,0,0,0,0,0,0,1,11,0,0,1,2,0,0,0,0,0,0,1,0,0,0,0,0,1
1,1,1,0,0,1,0,0,0,0,1,0,3,0,0,2,0,0,0,0,0,0,0,0,0,0,0,1,0,0,0,0,0,0,0,0,0,0,0,0,0,0,0,0,1
1,1,1,0,0,1,0,0,0,0,1,0,4,0,0,3,0,0,0,0,0,0,0,0,0,0,0,5,0,0,0,0,0,0,0,0,0,0,0,0,0,0,0,0,1
1,1,1,0,1,1,0,0,0,0,1,0,4,0,0,1,0,0,0,0,0,0,0,0,0,0,0,7,0,0,0,0,0,0,0,1,0,0,1,0,0,0,0,0,1
0,0,1,0,0,0.692,0,0,0.5994,0,1,0,1,0,1,1,2,0,0,2,0,0,0,1,1,0,0,1,0,0,0,0,0,0,0,1,0,0,0,1,0,0,0,0,1
1,1,1,0,1,0.691,0,0,0.555,0,1,0,5,0,0,3,0,0,0,1,0,0,0,0,0,0,0,3,0,0,0,0,0,0,0,0,0,0,0,0,0,0,0,0,1
1,1,1,0,0,0.762,0,0,0.6124,0,1,0,7,0,0,3,0,0,0,2,0,0,0,2,1,0,0,0,0,0,0,1,0,2,0,1,0,0,0,0,1,0,0,2,1
1,0,1,0,0,0.798,0,0,0.5859,0,0,0,6,0,0,1,0,1,0,2,0,0,0,1,0,0,0,2,0,0,1,0,0,1,0,1,0,1,0,0,1,0,0,1,1
0,1,1,0,0,1,0,0,0,0,0,0,2,0,0,1,1,0,0,0,0,0,0,0,0,0,0,1,0,0,0,0,0,0,0,0,0,0,0,0,0,0,0,0,1
1,0,1,0,0,0.895,0,0,0.4019,0,2,0,4,0,1,3,1,2,0,4,0,0,0,0,2,0,0,3,0,0,0,1,0,0,0,2,0,0,0,0,2,0,0,0,1
0,1,0,0,0,0.687,0,0,0.8442,0,0,0,6,0,0,2,5,0,0,2,0,0,0,1,0,0,0,1,1,0,1,0,0,3,0,2,0,0,1,0,2,0,0,3,1
1,1,1,0,0,0.762,0,0,0.6124,0,1,0,7,0,0,3,0,0,0,2,0,0,0,2,1,0,0,0,0,0,0,1,0,2,0,1,0,0,0,0,1,0,0,2,1
0,1,0,0,0,1,0,0,0,0,0,0,2,0,0,0,0,0,0,0,0,0,0,0,0,0,0,3,0,0,0,1,0,0,0,0,0,0,0,0,0,0,0,0,1
0,1,1,0,0,0.725,0,0,0.5859,0,2,0,9,0,0,3,0,0,0,0,0,0,0,0,0,0,0,3,0,0,0,0,0,1,0,0,0,0,2,0,0,0,0,1,1
1,1,1,0,0,0.763,0,0,0.4215,0,1,0,3,0,0,2,0,0,0,1,0,0,0,0,0,0,0,4,0,0,0,0,0,0,0,2,0,0,0,2,0,0,0,0,1
0,1,1,0,0,0.821,0,0,-0.486,0,0,1,8,0,0,3,1,1,0,4,0,0,0,0,0,0,0,0,0,0,0,1,0,0,0,3,0,0,0,1,0,0,0,0,1
1,1,1,0,0,0.848,0,0,0.3612,0,1,0,3,0,0,3,1,0,0,1,0,0,0,0,0,0,0,9,0,0,0,0,0,0,0,0,0,0,1,0,0,0,0,0,1
1,1,1,0,0,1,0,0,0,0,1,0,6,0,0,1,0,0,0,0,0,0,0,0,0,0,1,11,0,0,1,2,0,0,0,0,0,0,1,0,0,0,0,0,1
1,1,1,0,0,1,0,0,0,0,1,0,3,0,0,2,0,0,0,0,0,0,0,0,0,0,0,1,0,0,0,0,0,0,0,0,0,0,0,0,0,0,0,0,1
1,1,1,0,0,1,0,0,0,0,1,0,4,0,0,3,0,0,0,0,0,0,0,0,0,0,0,5,0,0,0,0,0,0,0,0,0,0,0,0,0,0,0,0,1
0,1,0,0,1,1,0,0,0,0,0,0,2,0,0,1,0,0,0,0,0,0,0,1,1,0,0,3,0,0,0,0,0,0,0,0,0,0,0,0,0,0,0,0,1
1,0,1,1,0,1,0,0,0,0,1,0,3,0,0,0,0,0,0,0,0,0,0,0,0,0,0,1,0,0,1,0,0,0,0,1,0,0,0,0,0,0,0,0,1
1,1,0,0,0,0.645,0,0,0.7717,0,0,0,4,1,0,2,0,2,0,3,0,0,0,2,0,0,0,1,0,0,1,0,0,2,0,2,0,0,0,0,1,0,0,2,1
1,1,0,0,0,0.919,0,0,0.2382,0,1,0,3,1,2,2,0,1,0,2,0,0,0,2,0,0,0,2,2,0,1,0,0,4,0,0,0,0,3,0,1,0,0,4,1
0,0,0,0,0,1,0,0,0,0,0,0,2,0,1,1,1,0,0,0,0,0,0,1,0,0,0,1,0,0,0,0,0,0,0,1,0,1,0,0,0,0,0,0,1
1,0,1,0,1,0.844,0,0,-0.5696,0,1,0,4,0,0,2,0,1,0,2,0,0,0,1,0,0,0,2,0,0,1,2,0,2,0,1,0,1,1,0,1,0,0,2,-1
0,1,1,0,0,0.821,0,0,-0.486,0,0,1,8,0,0,3,1,1,0,4,0,0,0,0,0,0,0,0,0,0,0,1,0,0,0,3,0,0,0,1,0,0,0,0,1
0,1,0,0,0,0.799,0,0,-0.5471,0,1,0,6,0,0,2,1,0,0,2,0,0,0,2,0,0,0,4,0,0,0,1,0,0,0,2,0,1,0,1,0,0,0,0,-1
1,0,1,0,0,1,0,0,0,0,1,0,2,0,0,1,0,0,0,0,0,0,0,0,1,0,0,2,0,0,1,0,0,1,0,0,0,0,0,0,1,0,0,1,1
0,0,0,0,0,0.643,0,1,0.835,0,0,2,3,0,0,1,1,0,0,2,0,0,0,0,2,0,0,1,1,0,0,1,0,1,0,1,0,0,1,1,0,0,0,1,1
0,0,1,0,0,0.721,0,0,0.2754,0,0,1,4,0,0,0,3,1,0,3,0,0,0,0,0,0,0,0,0,0,0,1,0,1,0,1,0,0,0,0,0,0,0,1,1
0,1,1,0,0,0.847,0,0,0.5859,0,0,1,9,0,0,2,1,0,0,3,0,0,0,0,0,0,0,2,0,0,1,1,0,1,0,1,0,0,0,1,0,0,0,1,1
1,1,0,1,0,0.512,0,0,0.9231,0,1,1,7,0,2,2,0,0,0,0,0,0,0,3,1,0,0,3,0,0,0,0,0,0,0,3,0,1,0,1,1,0,0,0,1
0,1,0,0,0,0.694,0,0,0.4754,1,1,0,3,0,0,1,0,0,0,0,0,0,0,0,0,0,0,4,0,0,1,0,0,0,0,1,0,0,0,0,0,0,0,0,1
1,1,1,0,1,1,0,0,0,0,1,0,6,0,1,1,1,0,0,2,0,0,0,1,0,0,0,4,0,0,0,0,0,2,0,0,0,0,0,0,0,0,0,2,1
0,1,1,0,0,0.738,0,0,0.7964,0,0,0,3,0,1,2,0,0,0,1,0,0,1,0,3,0,0,1,0,0,0,0,2,0,0,2,0,0,2,2,2,2,0,0,1
1,0,1,1,0,0.602,0,0,0.5106,0,1,0,1,0,0,1,0,0,0,0,0,0,0,1,1,0,0,0,0,0,0,0,0,1,0,1,0,0,0,0,1,0,0,1,1
1,1,1,0,0,1,0,0,0,0,0,0,5,0,0,1,0,0,0,1,0,0,0,0,1,0,0,0,0,0,0,0,0,0,0,1,0,0,0,0,0,0,0,0,1
1,0,1,0,0,1,0,0,0,0,2,0,5,0,0,2,1,1,0,1,0,0,0,0,0,0,0,1,0,0,0,0,0,0,0,1,0,0,0,0,0,0,0,0,1
0,1,1,0,0,0.756,0,0,0.7003,0,1,0,4,0,1,1,4,0,0,1,0,0,0,1,0,0,0,1,0,0,3,1,0,1,1,0,0,0,1,0,1,0,0,1,1
1,0,1,0,1,0.284,0,0,0.8777,0,1,0,3,0,0,0,3,1,0,0,0,0,0,0,1,0,0,0,0,0,0,0,0,0,0,0,0,0,0,0,0,0,0,0,1
0,1,1,0,0,0.653,0,0,0.6249,0,0,0,5,0,0,3,2,1,0,3,0,0,0,0,0,0,0,1,0,0,0,0,0,1,1,1,0,1,0,0,1,0,0,1,1
0,1,1,0,0,1,0,0,0,0,0,0,2,0,1,1,0,0,0,0,0,0,0,0,0,0,0,1,0,0,0,1,0,1,0,0,0,0,0,0,0,0,0,1,1
0,1,1,0,0,1,0,0,0,0,1,0,7,0,0,3,0,0,0,0,0,0,0,0,0,0,0,4,0,0,1,0,0,1,0,0,6,0,0,0,0,0,0,1,1
0,1,1,0,0,0.896,0,0,-0.296,0,1,0,8,0,0,6,1,0,0,0,0,0,0,0,1,0,0,0,0,0,3,0,0,1,0,2,0,0,0,0,0,0,0,1,1
0,1,0,0,0,0.735,0,0,0.4588,0,0,0,5,0,1,1,1,0,0,2,0,0,0,1,1,0,0,2,0,0,0,0,0,0,0,3,0,0,0,2,0,0,0,0,-1
1,1,0,0,0,0.817,0,0,0.1027,0,1,0,5,0,0,2,0,0,0,0,2,0,0,3,1,0,0,1,0,0,0,0,0,3,0,2,0,1,0,0,2,0,0,3,-1
0,1,0,1,1,0.846,0,0,0.2942,1,1,0,5,0,0,1,1,0,0,2,0,0,0,0,0,0,0,2,0,0,1,0,0,1,0,1,0,0,0,0,0,0,0,1,1
1,1,1,0,0,1,0,0,0,0,1,0,5,0,0,2,1,0,0,2,0,0,0,0,2,0,0,1,0,0,1,0,1,1,0,4,0,0,0,0,2,1,0,1,1
1,0,1,0,0,1,0,0,0,0,1,0,12,0,0,2,0,0,0,0,0,0,0,0,0,0,0,9,0,0,1,0,0,0,0,0,0,0,0,0,0,0,0,0,1
1,1,1,1,0,1,0,0,0,0,1,0,10,0,0,3,0,0,0,0,0,0,0,1,1,0,0,5,0,0,0,0,0,0,0,0,0,1,0,0,1,0,0,0,1
0,0,0,1,0,0.776,0,0,0.4173,0,0,0,2,0,0,1,2,2,0,3,0,0,0,1,1,0,0,3,0,0,0,0,0,1,0,1,0,0,0,1,1,0,0,1,1
1,1,1,0,0,0.684,0,0,-0.2381,0,0,0,6,0,1,2,0,0,0,1,0,0,0,1,0,0,0,3,0,0,1,0,0,3,0,2,0,0,3,1,1,0,0,3,1
0,1,0,0,0,1,0,0,0,0,0,0,3,0,0,1,0,0,0,0,0,0,0,0,0,0,0,0,0,0,0,0,0,0,0,0,0,0,0,0,0,0,0,0,1
1,0,1,0,1,0.556,0,0,0.4926,0,1,0,3,0,0,2,0,0,0,0,0,0,0,0,1,0,0,1,0,0,0,0,0,0,0,0,0,0,0,0,0,0,0,0,1
0,1,0,0,0,0.796,0,0,-0.0516,0,1,0,3,0,0,2,1,2,0,1,0,0,0,0,4,0,0,0,0,0,0,0,0,1,0,2,0,0,1,0,3,0,0,1,1
1,0,1,0,1,0.663,0,0,0.6239,0,1,0,1,0,1,3,0,0,0,0,0,0,0,1,0,0,0,3,0,0,0,0,0,2,0,2,0,1,0,0,1,0,0,2,1
0,1,0,0,1,1,0,0,0,0,1,1,18,0,0,1,0,0,0,0,0,0,0,0,0,0,0,1,0,0,0,0,0,0,0,0,0,0,0,0,0,0,0,0,1
1,0,1,0,0,1,0,0,0,0,1,0,6,0,0,1,2,0,0,0,0,0,0,1,0,0,0,3,0,0,0,0,0,0,0,0,0,0,0,0,0,0,0,0,1
0,1,1,0,0,1,0,0,0,0,1,0,2,0,0,1,0,0,0,0,0,0,0,0,0,0,0,0,0,0,0,1,0,0,0,0,0,0,0,0,0,0,0,0,1
0,1,1,0,0,1,0,0,0,0,1,0,2,0,0,1,0,0,0,0,0,0,0,0,0,0,0,0,0,0,0,1,0,0,0,0,0,0,0,0,0,0,0,0,1
0,1,0,0,0,1,0,0,0,0,0,0,4,0,0,3,0,0,0,1,0,0,0,0,1,0,0,0,0,0,0,0,0,0,0,0,0,0,0,0,0,0,0,0,1
1,0,1,0,0,1,0,0,0,0,1,0,4,0,0,1,0,0,0,2,0,0,0,0,1,0,0,1,0,0,0,0,0,0,0,0,0,0,0,0,0,0,0,0,1
0,1,0,0,0,1,0,0,0,0,1,0,8,0,0,2,0,0,0,1,0,0,0,0,2,0,0,1,0,0,0,0,0,0,0,0,0,0,0,0,0,0,0,0,1
1,1,0,0,0,1,0,0,0,0,1,2,7,0,1,3,3,1,0,2,0,0,0,1,0,0,0,3,0,0,1,1,0,2,0,1,0,0,0,0,0,0,0,2,1
0,1,1,0,0,0.821,0,0,-0.486,0,0,1,8,0,0,3,1,1,0,4,0,0,0,0,0,0,0,0,0,0,0,1,0,0,0,3,0,0,0,1,0,0,0,0,1
1,1,1,0,0,0.848,0,0,0.3612,0,1,0,3,0,0,3,1,0,0,1,0,0,0,0,0,0,0,9,0,0,0,0,0,0,0,0,0,0,1,0,0,0,0,0,1
1,0,0,1,0,1,0,0,0,0,1,0,6,0,0,2,0,0,0,0,0,0,0,0,0,0,0,4,0,0,0,1,0,0,0,0,0,0,0,1,0,0,0,0,1
1,1,1,0,1,0.741,0,0,-0.636,0,1,0,10,0,0,2,0,0,0,0,0,0,0,0,0,0,0,3,0,0,1,0,0,0,0,0,0,0,0,0,0,0,0,0,1
1,1,1,0,1,1,0,0,0,0,1,1,6,0,0,5,0,0,0,1,0,0,0,0,0,0,0,7,0,0,0,0,0,0,0,0,0,0,0,0,0,0,0,0,1
1,0,1,0,0,1,0,0,0,0,1,0,5,0,0,3,0,0,0,2,0,0,0,0,0,0,0,1,0,0,0,0,0,0,0,0,0,0,0,0,0,0,0,0,1
1,1,0,0,0,1,0,0,0,0,1,1,9,0,0,1,0,0,0,0,0,0,0,0,0,0,0,6,0,0,0,0,0,0,0,0,0,0,0,0,0,0,0,0,1
1,0,1,0,0,1,0,0,0,0,1,0,6,0,0,2,0,0,0,0,0,0,0,0,0,0,0,4,0,0,1,0,0,0,0,0,0,0,0,0,0,0,0,0,1
0,1,1,0,0,0.821,0,0,-0.486,0,0,1,8,0,0,3,1,1,0,4,0,0,0,0,0,0,0,0,0,0,0,1,0,0,0,3,0,0,0,1,0,0,0,0,1
0,1,0,0,1,0.749,0,0,0.7488,1,1,0,7,0,1,1,3,0,0,0,0,0,0,1,0,0,0,1,0,0,2,0,0,3,0,3,0,0,1,1,2,0,0,3,1
1,1,1,0,1,0.653,0,0,-0.2905,1,0,1,5,0,0,2,1,0,0,2,0,0,0,1,0,0,0,2,0,0,0,0,0,3,0,2,0,1,0,1,1,0,0,3,1
0,1,0,0,0,1,0,0,0,0,0,0,9,0,0,0,2,1,0,2,0,0,0,0,0,0,0,2,1,0,1,0,0,0,0,4,0,0,0,0,1,0,0,0,1
1,1,1,0,0,0.854,0,0,0.4404,0,0,0,5,0,0,3,0,0,0,1,0,0,0,0,0,0,0,4,0,0,3,0,0,2,0,1,0,0,1,0,1,0,0,2,-1
0,0,0,0,0,1,0,0,0,0,2,0,0,0,0,2,0,0,0,0,0,0,0,0,0,0,0,2,0,0,0,1,0,0,0,0,0,0,0,0,0,0,0,0,1
1,0,1,0,0,1,0,0,0,0,2,0,1,0,0,1,0,0,0,0,0,0,0,0,0,0,0,1,0,0,0,0,0,0,0,0,0,0,0,0,0,0,0,0,1
1,1,0,0,0,1,0,0,0,0,1,0,3,0,0,1,0,0,0,0,0,0,0,0,0,0,0,0,0,0,0,0,0,0,0,0,0,0,0,0,0,0,0,0,1
1,0,1,0,1,1,0,0,0,0,1,0,5,0,0,1,0,0,0,0,0,0,0,0,1,0,0,2,0,0,0,0,0,0,0,0,1,0,0,0,0,0,0,0,1
0,1,1,0,0,0.821,0,0,-0.486,0,0,1,8,0,0,3,1,1,0,4,0,0,0,0,0,0,0,0,0,0,0,1,0,0,0,3,0,0,0,1,0,0,0,0,1
1,1,1,0,0,0.848,0,0,0.3612,0,1,0,3,0,0,3,1,0,0,1,0,0,0,0,0,0,0,9,0,0,0,0,0,0,0,0,0,0,1,0,0,0,0,0,1
0,1,0,0,0,0.917,0,0,0.25,0,0,0,3,0,1,3,3,1,0,1,0,0,0,1,1,0,0,0,0,0,0,0,0,2,0,1,0,1,1,2,2,0,0,2,1
1,1,1,0,0,0.775,0,0,0.4404,0,1,0,5,0,1,0,1,0,0,0,0,0,0,1,0,0,0,5,0,0,0,0,0,0,0,0,0,0,0,1,0,0,0,0,1
0,1,1,0,0,0.821,0,0,-0.486,0,0,1,8,0,0,3,1,1,0,4,0,0,0,0,0,0,0,0,0,0,0,1,0,0,0,3,0,0,0,1,0,0,0,0,1
1,1,1,0,0,0.848,0,0,0.3612,0,1,0,3,0,0,3,1,0,0,1,0,0,0,0,0,0,0,9,0,0,0,0,0,0,0,0,0,0,1,0,0,0,0,0,1
1,1,1,0,0,1,0,0,0,0,1,0,6,0,0,1,0,0,0,0,0,0,0,0,0,0,1,11,0,0,1,2,0,0,0,0,0,0,1,0,0,0,0,0,1
1,1,1,0,0,1,0,0,0,0,1,0,3,0,0,2,0,0,0,0,0,0,0,0,0,0,0,1,0,0,0,0,0,0,0,0,0,0,0,0,0,0,0,0,1
1,1,1,0,0,1,0,0,0,0,1,0,4,0,0,3,0,0,0,0,0,0,0,0,0,0,0,5,0,0,0,0,0,0,0,0,0,0,0,0,0,0,0,0,1
1,1,1,0,1,1,0,0,0,0,1,0,4,0,0,1,0,0,0,0,0,0,0,0,0,0,0,7,0,0,0,0,0,0,0,1,0,0,1,0,0,0,0,0,1
0,0,1,0,0,0.692,0,0,0.5994,0,1,0,1,0,1,1,2,0,0,2,0,0,0,1,1,0,0,1,0,0,0,0,0,0,0,1,0,0,0,1,0,0,0,0,1
1,1,1,0,1,0.691,0,0,0.555,0,1,0,5,0,0,3,0,0,0,1,0,0,0,0,0,0,0,3,0,0,0,0,0,0,0,0,0,0,0,0,0,0,0,0,1
1,1,1,0,0,0.762,0,0,0.6124,0,1,0,7,0,0,3,0,0,0,2,0,0,0,2,1,0,0,0,0,0,0,1,0,2,0,1,0,0,0,0,1,0,0,2,1
1,0,1,0,0,0.798,0,0,0.5859,0,0,0,6,0,0,1,0,1,0,2,0,0,0,1,0,0,0,2,0,0,1,0,0,1,0,1,0,1,0,0,1,0,0,1,1
0,0,0,1,0,0.678,0,0,-0.8689,0,1,0,3,0,1,2,2,0,0,1,0,0,0,1,1,0,0,2,0,0,4,1,1,2,0,2,0,0,1,2,0,1,0,2,1
1,0,1,0,0,0.571,0,0,-0.1027,0,1,0,3,0,0,0,0,0,0,1,0,0,1,1,3,0,0,0,0,0,0,0,0,0,0,1,0,0,0,0,1,0,0,0,-1
1,0,0,0,1,1,0,0,0,0,1,0,3,0,0,1,1,0,0,1,0,0,0,0,1,0,0,4,0,0,0,0,0,0,0,0,0,0,0,0,0,0,0,0,1
1,1,0,0,0,0.887,0,0,-0.3167,0,1,3,5,0,0,1,2,0,0,3,0,0,0,0,0,0,0,5,0,0,0,1,0,3,0,1,0,0,1,1,0,0,0,3,1
1,0,0,0,1,0.679,0,0,0.6884,0,1,0,4,0,0,1,1,0,0,0,0,0,0,2,0,0,0,5,0,0,0,0,0,0,0,1,0,1,0,1,0,0,0,0,1
1,0,1,0,1,1,0,0,0,0,1,0,5,1,0,0,2,1,0,0,0,0,0,0,1,0,0,2,0,0,0,0,0,0,0,0,0,0,0,0,0,0,0,0,-1
1,1,0,0,0,1,0,0,0,0,0,1,8,0,0,1,2,0,0,0,0,0,0,0,0,0,0,9,0,0,1,0,0,0,0,1,0,0,0,0,0,0,0,0,-1
1,1,0,0,0,0.843,0,0,0.4215,0,0,0,4,0,1,3,2,0,0,0,0,0,0,1,1,0,0,6,0,0,0,0,0,1,0,0,0,0,0,0,2,0,0,1,1
1,1,0,0,0,0.65,0,0,0.5559,0,1,0,5,1,2,2,2,0,0,1,0,0,0,4,0,0,0,0,0,0,0,0,1,3,0,1,0,0,1,0,2,1,0,3,1
1,1,0,0,0,0.95,0,0,-0.0387,0,1,1,4,0,0,3,0,0,0,6,0,0,0,0,2,0,0,4,0,0,0,1,0,2,0,1,0,0,1,0,0,0,0,2,1
0,1,1,0,1,1,0,0,0,0,0,0,4,0,0,4,3,0,0,2,0,0,0,0,0,0,1,2,0,0,0,0,0,0,0,1,0,0,1,0,1,0,0,0,1
1,0,1,0,0,0.468,0,0,-0.3597,0,1,1,3,0,0,0,1,0,0,0,0,0,0,0,0,0,0,2,0,0,0,0,0,0,0,2,0,0,0,0,0,0,0,0,-1
0,0,1,0,0,1,0,0,0,0,2,0,0,0,0,1,0,0,0,0,0,0,0,0,0,0,0,5,0,0,0,0,0,0,0,0,0,0,0,0,0,0,0,0,1
1,0,0,0,0,1,0,0,0,0,1,1,6,0,0,1,0,1,0,1,0,0,0,0,0,0,0,6,0,0,2,0,0,0,0,1,0,0,1,0,0,0,0,0,-1
1,0,1,0,1,0.611,0,0,0.5399,0,0,0,1,0,0,2,0,0,0,1,0,0,0,0,0,0,0,8,0,0,2,0,0,1,0,0,0,0,0,0,0,0,0,1,-1
0,0,1,0,0,1,0,0,0,0,1,0,1,0,1,0,0,0,0,1,0,0,0,1,0,0,0,1,0,0,0,0,0,0,0,0,0,0,0,1,0,0,0,0,-1
0,0,1,0,0,0.75,0,0,0.6124,0,0,1,6,0,0,1,4,0,0,0,0,0,0,0,0,0,0,4,0,0,0,1,0,1,0,0,0,0,0,0,0,0,0,1,-1
1,0,1,0,1,0.638,0,0,0.3016,0,0,2,4,0,1,1,0,2,0,3,0,0,0,1,0,0,0,4,0,0,0,0,0,3,0,0,0,0,1,0,1,0,0,3,-1
0,1,0,0,0,0.808,0,0,0.296,0,1,1,3,0,0,2,1,1,0,2,0,0,0,0,1,0,0,2,0,0,1,0,0,3,0,0,0,0,0,0,0,0,0,3,1
1,0,1,0,0,1,0,0,0,0,2,0,1,0,0,0,0,0,0,0,0,0,0,0,0,0,0,4,0,0,0,0,0,0,0,0,0,0,0,0,0,0,0,0,1
0,0,1,0,0,1,0,0,0,0,1,0,1,0,1,0,0,0,0,1,0,0,0,1,0,0,0,1,0,0,0,0,0,0,0,0,0,0,0,1,0,0,0,0,1
0,0,1,0,0,1,0,0,0,0,1,0,2,0,0,1,0,0,0,0,0,0,0,0,0,0,0,1,0,0,1,1,0,0,0,1,0,0,0,0,0,0,0,0,1
0,1,0,0,0,1,0,0,0,0,0,0,1,0,0,0,0,0,0,0,0,0,0,0,1,0,0,0,0,0,0,0,0,0,0,0,0,0,0,0,0,0,0,0,1
1,0,1,0,1,0.652,0,0,0.8602,0,1,1,4,0,1,2,1,0,0,1,0,0,0,1,0,0,0,5,0,0,0,0,0,0,0,2,0,0,1,1,1,0,0,0,1
0,1,0,0,1,0.866,0,0,0.4738,0,0,0,9,0,0,0,0,1,0,4,0,0,0,0,2,0,0,7,0,0,0,0,0,0,0,0,0,0,2,0,0,0,0,0,1
1,0,1,0,1,0.651,0,0,0.6468,0,2,0,0,0,1,2,0,0,0,0,0,0,0,1,1,0,0,5,0,0,0,0,0,0,0,1,0,0,0,0,0,0,0,0,1
0,1,0,0,0,1,0,0,0,0,0,0,2,0,0,0,1,0,0,2,0,0,0,0,0,0,0,14,0,0,1,0,0,0,0,0,0,0,0,0,0,0,0,0,1
1,1,0,0,0,0.824,0,0,0.4939,0,0,0,4,0,0,2,1,0,0,2,0,0,0,0,0,0,0,6,0,0,0,0,0,1,0,1,0,0,1,1,2,0,0,1,1
1,1,0,0,1,0.551,0,0,0.908,1,0,0,2,0,1,2,1,0,0,0,0,0,0,1,3,0,0,5,0,0,0,1,1,0,0,0,0,0,0,0,2,1,0,0,1
1,1,0,0,0,0.657,0,0,0.7783,0,1,0,5,0,0,1,0,0,0,1,0,0,0,0,0,0,0,9,0,0,0,0,0,1,0,0,0,0,1,0,1,0,0,1,1
0,0,1,0,0,1,0,0,0,0,0,2,1,0,1,0,2,1,0,2,0,0,0,2,0,0,0,2,0,0,0,1,0,0,0,0,0,0,1,0,0,0,0,0,1
1,0,1,0,0,1,0,0,0,0,2,0,2,0,0,0,3,1,0,2,0,0,0,0,1,0,0,2,0,0,0,0,0,0,0,1,0,0,0,1,1,0,0,0,-1
0,1,1,0,0,1,0,0,0,0,1,0,2,0,0,0,0,0,0,0,0,0,0,0,0,0,0,5,0,0,0,0,0,0,0,0,0,0,0,0,0,0,0,0,1
0,1,1,0,0,0.741,0,0,0.6369,0,0,0,2,0,0,0,0,0,0,0,0,0,0,0,0,0,0,11,0,0,0,0,0,0,0,0,0,1,0,0,0,0,0,0,1
1,1,1,0,0,0.75,0,0,0.6124,0,0,0,4,0,1,2,0,1,0,3,0,0,0,1,1,0,0,3,0,0,0,0,0,3,0,1,0,0,1,0,0,0,0,3,1
1,0,1,0,1,0.623,0,0,0.8582,0,2,0,2,0,0,3,0,0,0,1,0,0,0,0,0,0,0,9,0,0,2,1,0,1,0,1,0,0,0,0,1,0,0,1,1
0,1,0,0,1,0.866,0,0,0.4738,0,0,1,3,1,0,2,1,1,0,2,0,0,0,1,2,0,0,1,0,0,0,1,0,3,0,2,0,0,0,0,1,0,0,3,1
1,1,0,0,0,1,0,0,0,0,1,0,4,0,0,0,0,0,0,0,0,0,0,0,0,0,0,14,0,0,0,0,0,0,0,0,0,0,0,0,0,0,0,0,1
0,1,1,0,0,0.865,0,0,0.3612,1,0,0,6,0,2,0,0,0,0,1,0,0,0,1,0,0,0,2,0,0,1,1,0,0,0,2,0,0,0,0,0,0,0,0,1
1,0,1,0,1,0.589,0,0,0.4199,0,2,0,0,0,0,1,0,0,0,0,0,0,0,0,0,0,0,5,0,0,1,0,0,1,0,0,0,0,0,0,1,0,0,1,1
0,0,1,0,0,1,0,0,0,0,2,0,4,1,0,0,0,1,0,1,0,0,0,1,0,0,0,1,0,0,0,0,0,1,0,1,0,0,1,0,0,0,0,1,1
1,0,1,0,0,0.58,0,0,-0.4404,0,2,1,1,0,0,2,0,0,0,0,0,0,0,0,0,0,0,2,0,0,0,0,0,1,0,0,0,0,0,0,0,0,0,1,-1
0,1,1,0,1,0.577,0,0,0.6588,0,1,0,3,0,0,1,0,0,0,1,0,0,0,0,0,0,0,3,0,0,1,0,0,0,0,0,0,0,0,1,0,0,0,0,1
1,0,1,0,0,1,0,0,0,0,2,1,0,0,0,0,0,0,0,1,0,0,0,0,1,0,1,6,0,0,0,0,0,0,0,0,0,0,0,0,0,0,0,0,1
0,0,1,1,0,0.731,0,0,0.4497,0,2,0,2,0,0,1,0,0,0,1,0,0,0,0,1,0,0,3,0,0,0,0,0,0,0,1,1,0,1,0,0,0,0,0,-1
1,1,0,0,0,0.917,0,0,0.25,0,1,3,7,0,2,2,0,0,0,1,0,0,0,1,2,0,0,2,0,0,0,1,1,0,0,3,0,0,1,0,0,1,0,0,1
0,1,1,0,0,1,0,0,0,0,1,0,2,0,0,1,0,0,0,0,0,0,0,0,0,0,0,5,0,0,0,0,0,0,0,0,0,0,0,0,0,0,0,0,1
0,1,1,0,0,0.741,0,0,0.6369,0,0,0,2,0,0,0,0,0,0,0,0,0,0,0,0,0,0,11,0,0,0,0,0,0,0,0,0,1,0,0,0,0,0,0,1
1,0,0,0,0,1,0,0,0,0,1,0,8,0,0,0,1,1,0,3,0,0,0,0,1,0,0,4,0,0,1,0,0,1,0,2,0,0,0,0,0,0,0,1,-1
1,1,0,0,0,0.626,0,0,0.6532,0,0,0,4,0,1,4,2,1,0,1,0,0,0,3,0,0,0,2,0,0,3,0,0,6,0,1,0,0,1,0,2,0,0,6,1
0,1,1,0,1,0.826,0,0,0.2244,0,0,0,4,0,0,1,1,0,0,1,0,0,0,0,0,0,0,3,0,0,0,1,0,0,0,0,0,0,0,0,0,0,0,0,1
1,0,1,0,0,0.727,0,0,0.4588,0,2,0,0,0,1,2,0,0,0,0,0,0,0,1,1,0,0,5,0,0,0,0,0,0,0,0,0,0,0,0,1,0,0,0,1
0,0,1,0,0,1,0,0,0,0,1,0,1,0,1,0,0,0,0,1,0,0,0,1,0,0,0,1,0,0,0,0,0,0,0,0,0,0,0,1,0,0,0,0,1
0,0,1,0,0,1,0,0,0,0,1,0,2,0,0,1,0,0,0,0,0,0,0,0,0,0,0,1,0,0,1,1,0,0,0,1,0,0,0,0,0,0,0,0,1
0,0,1,0,1,0.644,0,0,-0.6103,0,1,0,2,0,0,1,0,0,0,0,0,0,0,0,0,0,0,6,0,0,0,0,0,0,0,1,0,0,0,0,0,0,0,0,-1
0,0,1,0,0,0.732,0,0,-0.5267,0,1,0,2,0,0,2,2,0,0,0,0,0,0,2,1,0,0,1,0,0,0,0,0,1,0,1,0,1,0,0,0,0,0,1,-1
0,0,1,0,0,1,0,0,0,0,2,0,0,0,0,1,0,0,0,0,0,0,0,0,0,0,0,5,0,0,0,0,0,0,0,0,0,0,0,0,0,0,0,0,1
0,1,1,0,0,1,0,0,0,0,1,0,3,0,0,0,0,0,0,0,0,0,0,0,0,0,0,2,1,0,1,0,0,0,0,0,0,0,0,0,0,0,0,0,1
0,1,0,0,0,0.766,0,0,0.7269,0,0,0,5,1,3,3,2,0,0,1,0,0,0,3,2,0,0,3,0,0,0,0,0,0,0,0,0,0,0,0,0,0,0,0,-1
1,1,1,0,0,0.745,0,0,0.6249,0,0,0,4,0,0,1,1,0,0,1,0,0,0,0,0,0,0,9,0,0,1,0,1,1,0,2,0,0,0,0,1,1,0,1,1
1,0,1,0,0,1,0,0,0,0,2,0,3,0,0,1,1,0,0,0,0,0,0,0,0,0,0,1,0,0,0,0,0,0,0,1,0,0,0,1,0,0,0,0,1
1,0,1,0,0,0.661,0,0,0.7717,0,2,0,4,0,0,2,0,1,0,2,0,0,0,1,1,0,0,3,0,0,0,0,0,1,0,1,0,0,1,0,2,0,0,1,1
1,1,1,0,0,0.741,0,0,0.4215,0,0,0,4,0,0,1,1,0,0,0,0,0,0,0,0,0,0,2,0,0,1,0,0,1,0,0,0,0,0,0,1,0,0,1,-1
0,0,1,1,0,1,0,0,0,0,2,0,1,0,0,0,0,0,0,0,0,0,0,0,0,0,0,1,0,0,1,0,0,0,0,0,0,0,0,0,0,0,0,0,-1
0,1,1,0,1,1,0,0,0,0,0,0,3,0,0,1,1,1,0,1,0,0,0,0,0,0,0,5,0,0,0,0,0,0,0,1,0,0,0,0,0,0,0,0,1
0,0,1,0,0,0.706,0,0,0.3612,0,2,1,1,1,0,1,0,0,0,1,0,0,0,0,0,0,0,1,0,0,0,0,0,0,0,0,0,0,0,0,0,0,0,0,1
1,0,1,0,0,0.861,0,0,-0.4404,0,2,0,5,0,1,1,0,0,0,2,1,0,0,0,0,0,0,2,0,0,1,0,0,3,0,2,0,0,0,0,1,0,0,3,-1
1,0,1,0,0,0.848,0,0,0.3612,0,2,1,2,1,0,2,0,0,0,3,0,0,0,0,1,0,0,1,0,0,0,0,0,2,0,1,0,0,0,2,1,0,0,2,-1
1,1,1,0,0,1,0,0,0,0,1,0,5,0,0,2,0,0,0,1,0,0,0,0,0,0,0,5,0,0,0,0,0,1,0,1,0,0,0,0,1,0,0,1,-1
1,0,1,0,1,0.598,0,0,0.8122,0,2,1,2,0,0,2,0,0,0,0,0,0,0,0,1,0,0,12,0,0,0,0,0,1,0,1,0,0,0,0,1,0,0,1,1
0,0,1,0,0,1,0,0,0,0,2,1,3,0,0,1,2,0,0,0,0,0,0,0,0,0,0,2,0,0,0,0,0,0,0,0,0,0,0,0,0,0,0,0,-1
0,0,1,0,0,0.769,0,0,-0.34,0,1,0,3,0,0,0,1,0,0,1,0,0,0,1,0,0,0,1,0,0,0,0,0,0,0,2,0,0,0,0,0,0,0,0,-1
1,0,1,0,1,0.431,0,0,0.9529,0,2,0,3,0,0,6,0,0,0,1,0,0,1,0,0,0,0,4,0,0,0,0,0,2,0,2,0,0,1,0,1,0,0,2,1
1,1,1,0,1,1,0,0,0,0,1,0,4,0,0,2,1,1,0,0,0,0,0,0,0,0,0,3,0,0,1,0,0,0,0,0,0,0,0,0,0,0,0,0,1
1,1,1,0,1,0.58,0,0,0.9115,0,1,0,3,0,1,0,1,1,0,1,0,0,0,0,2,0,1,8,0,0,0,1,0,1,0,0,0,0,0,0,2,0,0,1,1
1,0,0,0,0,0.649,0,0,-0.4019,0,1,1,3,0,0,0,0,0,0,1,0,0,0,0,0,0,0,2,0,0,0,0,0,1,0,0,0,0,0,1,0,0,0,1,1
1,1,0,0,0,0.769,0,0,0,0,1,4,6,0,0,1,1,0,0,2,0,0,0,0,0,0,0,1,1,0,1,0,0,5,0,0,0,0,1,0,1,0,0,5,-1
1,0,0,1,0,1,0,0,0,0,1,0,4,0,0,1,3,0,0,0,0,0,0,2,1,0,0,1,0,0,0,0,1,1,0,1,0,0,1,0,2,1,0,1,-1
1,1,1,0,0,0.756,0,0,-0.6705,0,0,2,6,0,0,3,2,1,0,0,0,0,0,2,0,0,0,1,0,0,0,0,0,4,0,3,0,0,0,2,0,0,0,4,-1
0,1,1,0,0,0.683,0,0,0.7531,0,1,0,5,1,0,2,2,1,0,1,0,0,0,0,1,0,0,3,0,0,0,0,0,2,0,0,1,0,1,0,0,0,0,2,1
1,1,1,0,0,0.592,0,0,0.9201,1,1,0,3,0,0,3,0,0,0,1,0,0,0,1,1,0,0,4,0,0,3,0,1,3,0,1,0,1,2,0,1,1,0,3,1
1,0,0,0,1,0.589,0,0,0.5399,0,1,0,1,0,0,0,0,1,0,1,0,0,0,0,0,0,0,4,0,0,0,0,0,0,0,0,0,0,0,0,0,0,0,0,1
1,0,1,0,1,0.622,0,0,0.8847,0,2,1,4,0,0,2,1,0,0,1,0,0,0,0,1,0,0,5,0,0,0,0,0,3,0,2,0,0,1,0,3,0,0,3,1
1,0,0,0,0,0.715,0,0,0.4927,0,1,1,2,0,0,2,1,0,0,0,0,0,0,0,0,0,0,1,1,0,0,0,0,2,0,0,0,0,0,0,0,0,0,2,1
1,0,1,0,0,0.523,0,0,0.2058,0,0,1,2,0,1,1,2,0,0,0,0,0,0,1,0,0,0,3,1,0,2,0,0,3,0,2,0,0,1,0,0,0,0,3,1
0,1,1,0,0,0.787,0,0,0.4019,0,1,0,2,0,0,1,0,0,0,0,0,0,0,0,0,0,0,7,0,0,0,0,0,0,0,0,0,0,1,0,0,0,0,0,1
1,0,1,1,1,0.834,0,0,0.4199,0,2,0,1,0,0,0,0,2,0,1,0,0,0,0,0,0,0,3,1,0,3,0,2,3,0,0,0,0,0,0,0,2,0,3,-1
0,0,1,0,0,1,0,0,0,0,1,0,1,0,1,0,0,0,0,1,0,0,0,1,0,0,0,1,0,0,0,0,0,0,0,0,0,0,0,1,0,0,0,0,-1
0,0,1,0,0,1,0,0,0,0,1,0,2,0,0,1,0,0,0,0,0,0,0,0,0,0,0,1,0,0,1,1,0,0,0,1,0,0,0,0,0,0,0,0,-1
0,0,1,0,1,0.644,0,0,-0.6103,0,1,0,2,0,0,1,0,0,0,0,0,0,0,0,0,0,0,6,0,0,0,0,0,0,0,1,0,0,0,0,0,0,0,0,-1
0,0,1,0,0,0.732,0,0,-0.5267,0,1,0,2,0,0,2,2,0,0,0,0,0,0,2,1,0,0,1,0,0,0,0,0,1,0,1,0,1,0,0,0,0,0,1,-1
0,0,1,0,0,1,0,0,0,0,2,0,0,0,0,1,0,0,0,0,0,0,0,0,0,0,0,5,0,0,0,0,0,0,0,0,0,0,0,0,0,0,0,0,1
1,1,1,0,0,1,0,0,0,0,0,0,2,0,0,1,0,0,0,0,0,0,0,0,0,0,0,13,0,0,0,5,0,0,0,0,0,0,0,0,0,0,0,0,1
1,1,0,0,0,1,0,0,0,0,1,0,2,0,0,1,0,0,0,0,0,0,0,0,0,0,0,15,0,0,0,0,0,0,0,0,0,0,0,0,0,0,0,0,1
0,1,1,0,1,1,0,0,0,0,0,0,3,0,0,1,1,1,0,3,0,0,0,1,1,0,0,4,0,0,0,1,0,1,0,0,0,1,2,0,1,0,0,1,1
1,0,1,0,1,0.856,0,0,0.4926,0,0,1,5,0,1,0,0,0,0,1,0,0,0,2,0,0,1,5,0,0,1,2,0,1,0,0,0,0,1,1,1,0,0,1,1
0,0,1,0,0,1,0,0,0,0,1,0,1,0,1,0,0,0,0,1,0,0,0,1,0,0,0,1,0,0,0,0,0,0,0,0,0,0,0,1,0,0,0,0,-1
0,1,0,0,0,0.476,0,0,-0.296,0,0,0,2,0,0,0,0,0,0,0,0,0,0,0,0,0,0,0,0,0,0,1,0,0,0,1,0,0,0,0,0,0,0,0,-1
1,0,1,0,1,1,0,0,0,0,1,1,5,0,1,1,0,1,0,1,0,0,0,2,1,0,0,2,0,0,0,0,0,1,0,0,0,0,0,0,1,0,0,1,-1
0,0,1,0,1,0.851,0,0,0.4199,0,2,0,3,0,0,1,0,0,0,4,0,0,0,0,0,0,0,2,0,1,0,1,0,3,0,0,0,0,0,0,1,0,0,3,1
1,0,1,0,1,1,0,0,0,0,1,1,5,0,1,1,0,1,0,1,0,0,0,2,0,0,0,3,0,0,0,0,0,1,0,0,0,0,0,0,1,0,0,1,-1
0,0,1,0,0,1,0,0,0,0,1,0,1,0,1,0,0,0,0,1,0,0,0,1,0,0,0,1,0,0,0,0,0,0,0,0,0,0,0,1,0,0,0,0,-1
0,0,1,0,0,1,0,0,0,0,1,0,2,0,0,1,0,0,0,0,0,0,0,0,0,0,0,1,0,0,1,1,0,0,0,1,0,0,0,0,0,0,0,0,-1
0,1,1,0,1,1,0,0,0,0,0,0,3,0,0,0,1,0,0,3,0,0,0,1,1,0,0,5,0,0,0,0,0,2,0,0,0,1,2,0,0,0,0,2,1
1,1,1,1,0,1,0,0,0,0,1,0,3,0,0,1,0,1,0,0,0,0,0,1,1,0,0,3,0,0,0,0,0,1,0,1,0,0,0,0,1,0,0,1,1
0,0,1,0,0,1,0,0,0,0,1,0,1,0,1,0,0,0,0,1,0,0,0,1,0,0,0,1,0,0,0,0,0,0,0,0,0,0,0,1,0,0,0,0,1
0,0,1,0,0,1,0,0,0,0,1,0,2,0,0,1,0,0,0,0,0,0,0,0,0,0,0,1,0,0,1,1,0,0,0,1,0,0,0,0,0,0,0,0,1
0,0,1,0,1,0.644,0,0,-0.6103,0,1,0,2,0,0,1,0,0,0,0,0,0,0,0,0,0,0,6,0,0,0,0,0,0,0,1,0,0,0,0,0,0,0,0,1
0,0,1,0,0,0.732,0,0,-0.5267,0,1,0,2,0,0,2,2,0,0,0,0,0,0,2,1,0,0,1,0,0,0,0,0,1,0,1,0,1,0,0,0,0,0,1,1
0,0,1,0,0,1,0,0,0,0,2,0,0,0,0,1,0,0,0,0,0,0,0,0,0,0,0,5,0,0,0,0,0,0,0,0,0,0,0,0,0,0,0,0,1
0,1,1,0,0,1,0,0,0,0,1,0,3,0,0,0,0,0,0,0,0,0,0,0,0,0,0,2,1,0,1,0,0,0,0,0,0,0,0,0,0,0,0,0,1
0,1,0,0,0,0.766,0,0,0.7269,0,0,0,5,1,3,3,2,0,0,1,0,0,0,3,2,0,0,3,0,0,0,0,0,0,0,0,0,0,0,0,0,0,0,0,1
1,1,1,0,0,0.745,0,0,0.6249,0,0,0,4,0,0,1,1,0,0,1,0,0,0,0,0,0,0,9,0,0,1,0,1,1,0,2,0,0,0,0,1,1,0,1,1
1,0,1,0,0,1,0,0,0,0,2,0,3,0,0,1,1,0,0,0,0,0,0,0,0,0,0,1,0,0,0,0,0,0,0,1,0,0,0,1,0,0,0,0,-1
1,0,1,0,0,0.661,0,0,0.7717,0,2,0,4,0,0,2,0,1,0,2,0,0,0,1,1,0,0,3,0,0,0,0,0,1,0,1,0,0,1,0,2,0,0,1,-1
1,1,1,0,0,0.741,0,0,0.4215,0,0,0,4,0,0,1,1,0,0,0,0,0,0,0,0,0,0,2,0,0,1,0,0,1,0,0,0,0,0,0,1,0,0,1,1
0,0,1,1,0,1,0,0,0,0,2,0,1,0,0,0,0,0,0,0,0,0,0,0,0,0,0,1,0,0,1,0,0,0,0,0,0,0,0,0,0,0,0,0,-1
0,1,1,0,1,1,0,0,0,0,0,0,3,0,0,1,1,1,0,1,0,0,0,0,0,0,0,5,0,0,0,0,0,0,0,1,0,0,0,0,0,0,0,0,1
0,0,1,0,0,0.706,0,0,0.3612,0,2,1,1,1,0,1,0,0,0,1,0,0,0,0,0,0,0,1,0,0,0,0,0,0,0,0,0,0,0,0,0,0,0,0,1
1,0,1,0,0,0.861,0,0,-0.4404,0,2,0,5,0,1,1,0,0,0,2,1,0,0,0,0,0,0,2,0,0,1,0,0,3,0,2,0,0,0,0,1,0,0,3,-1
1,0,1,0,0,0.848,0,0,0.3612,0,2,1,2,1,0,2,0,0,0,3,0,0,0,0,1,0,0,1,0,0,0,0,0,2,0,1,0,0,0,2,1,0,0,2,-1
1,1,1,0,0,1,0,0,0,0,1,0,5,0,0,2,0,0,0,1,0,0,0,0,0,0,0,5,0,0,0,0,0,1,0,1,0,0,0,0,1,0,0,1,-1
1,0,1,0,1,0.598,0,0,0.8122,0,2,1,2,0,0,2,0,0,0,0,0,0,0,0,1,0,0,12,0,0,0,0,0,1,0,1,0,0,0,0,1,0,0,1,1
0,0,1,0,0,1,0,0,0,0,2,1,3,0,0,1,2,0,0,0,0,0,0,0,0,0,0,2,0,0,0,0,0,0,0,0,0,0,0,0,0,0,0,0,1
0,0,1,0,0,0.769,0,0,-0.34,0,1,0,3,0,0,0,1,0,0,1,0,0,0,1,0,0,0,1,0,0,0,0,0,0,0,2,0,0,0,0,0,0,0,0,-1
1,0,1,0,1,0.431,0,0,0.9529,0,2,0,3,0,0,6,0,0,0,1,0,0,1,0,0,0,0,4,0,0,0,0,0,2,0,2,0,0,1,0,1,0,0,2,1
1,1,1,0,0,0.664,0,0,0.7964,0,1,0,5,0,0,1,2,0,0,0,0,0,0,0,0,0,0,5,0,1,1,0,0,0,0,0,0,0,1,1,1,0,0,0,1
1,0,1,0,0,1,0,0,0,0,2,0,3,0,0,2,1,0,0,1,0,0,0,1,0,0,0,1,0,1,1,0,0,0,0,1,0,0,1,0,0,0,0,0,-1
0,0,1,0,1,1,0,0,0,0,1,0,0,1,0,0,0,0,0,0,0,0,0,0,0,0,0,1,0,0,0,0,0,0,0,0,0,0,0,1,0,0,0,0,1
1,0,1,0,0,0.58,0,0,0.0258,0,2,0,5,0,0,2,3,0,0,0,0,0,0,0,0,0,0,1,0,0,1,0,0,0,0,2,0,0,0,0,0,0,0,0,-1
0,0,1,0,0,1,0,0,0,0,1,0,0,0,0,0,1,0,0,0,0,0,0,0,1,0,0,1,0,0,0,0,0,0,0,0,0,0,0,0,0,0,0,0,1
1,1,1,0,0,0.816,0,0,0.4019,0,1,0,3,0,0,2,0,0,0,0,0,0,0,0,0,0,0,8,0,0,0,0,0,0,0,0,0,0,1,0,0,0,0,0,1
1,0,1,0,0,0.763,0,0,0.4215,0,1,1,5,0,0,0,0,1,0,0,0,0,0,0,0,0,0,3,0,0,0,0,1,0,0,0,0,0,0,0,0,1,0,0,1
1,0,1,0,1,0.733,0,0,-0.1511,0,2,0,2,0,1,1,0,0,0,2,0,0,0,2,1,0,0,2,0,1,0,0,0,4,0,0,0,1,0,0,3,0,0,4,-1
0,0,1,1,0,0.476,0,0,0.5423,0,1,0,1,0,0,1,0,1,0,1,0,0,0,0,1,0,0,1,0,0,1,1,1,0,0,1,0,0,0,0,1,1,0,0,-1
1,0,1,0,1,0.846,0,0,0.5053,0,2,0,3,1,0,1,0,2,0,0,0,0,0,0,1,0,1,8,0,0,0,0,0,0,0,0,0,0,1,0,0,0,0,0,-1
0,1,1,0,0,1,0,0,0,0,0,0,3,1,0,0,1,1,0,0,0,0,0,0,1,0,0,1,0,0,1,1,0,0,0,0,0,0,0,0,0,0,0,0,-1
0,0,1,0,0,1,0,0,0,0,2,0,0,0,0,0,0,0,0,1,0,0,0,0,1,0,1,2,0,0,0,0,0,0,0,0,0,0,0,0,1,0,0,0,-1
0,1,1,0,0,0.621,0,0,-0.2263,0,0,0,5,0,0,3,0,0,0,1,0,0,0,1,0,0,0,1,0,0,0,0,0,0,0,0,0,0,0,0,0,0,0,0,-1
0,0,1,0,1,1,0,0,0,0,1,1,0,0,0,3,0,0,0,0,0,0,0,0,0,0,0,3,0,0,0,0,0,0,0,0,0,0,0,0,0,0,0,0,1
1,1,1,0,0,0.788,0,0,-0.1139,0,0,0,2,0,1,0,1,0,0,0,0,0,0,2,1,0,0,7,0,0,0,0,1,0,0,2,0,0,0,0,3,1,0,0,1
0,0,1,1,0,1,0,0,0,0,2,0,0,0,0,0,0,0,0,2,0,0,0,0,1,0,0,5,0,0,1,0,0,1,0,1,0,0,0,2,0,0,0,1,1
1,1,1,0,0,0.816,0,0,0.4019,0,1,0,3,0,0,2,0,0,0,0,0,0,0,0,0,0,0,8,0,0,0,0,0,0,0,0,0,0,1,0,0,0,0,0,1
0,0,1,0,0,1,0,0,0,0,1,0,3,0,0,0,0,0,0,3,0,0,0,1,0,0,1,1,0,0,0,0,0,0,0,2,0,1,0,1,0,0,0,0,1
1,0,1,0,0,0.844,0,0,0.5719,0,2,1,3,0,1,3,0,0,0,2,0,0,0,1,1,0,0,5,0,0,0,0,0,1,0,1,0,0,1,0,1,0,0,1,1
0,0,1,0,0,0.706,0,0,0.6124,0,2,0,5,0,0,2,0,0,0,2,0,0,0,0,0,0,0,2,0,0,1,0,0,0,0,1,0,0,1,0,0,0,0,0,-1
0,0,1,0,0,0.484,0,0,0.7506,0,2,0,4,0,0,1,0,0,0,1,0,0,0,0,0,0,0,1,0,0,0,0,0,0,0,0,0,0,0,0,0,0,0,0,1
1,0,1,0,1,0.611,0,0,0.5399,0,0,0,1,0,0,2,0,0,0,1,0,0,0,0,0,0,0,8,0,0,2,0,0,1,0,0,0,0,0,0,0,0,0,1,-1
0,0,1,0,1,1,0,0,0,0,0,0,2,0,0,5,0,0,0,0,0,0,0,0,1,0,0,0,0,0,1,0,0,0,0,1,0,0,0,0,0,0,0,0,-1
1,0,1,0,1,1,0,0,0,0,1,0,2,0,0,1,0,0,0,0,0,0,0,0,0,0,0,1,0,0,0,0,0,0,0,0,0,0,0,0,0,0,0,0,-1
1,0,1,0,0,1,0,0,0,0,1,0,6,0,2,0,0,0,0,1,0,0,0,1,0,0,0,10,0,0,0,0,0,1,0,1,0,0,0,0,2,0,0,1,1
1,1,1,0,0,0.745,0,0,0.6249,0,0,0,4,0,0,1,1,0,0,1,0,0,0,0,0,0,0,9,0,0,1,0,1,1,0,2,0,0,0,0,1,1,0,1,1
0,1,1,0,1,0.776,0,0,0.3802,0,0,1,5,1,0,1,0,0,0,1,0,0,0,0,0,0,0,0,0,0,0,1,0,0,0,1,0,0,0,0,0,0,0,0,-1
0,0,1,0,1,0.837,0,0,-0.4374,0,1,0,6,0,0,1,1,2,0,2,0,0,0,0,0,0,0,7,0,0,1,0,0,0,0,2,0,0,0,0,1,0,0,0,-1
0,0,1,1,0,0.701,0,0,0.0772,0,1,0,1,1,0,0,2,0,0,3,0,0,0,0,1,0,0,1,0,0,0,1,0,0,0,2,0,0,0,0,1,0,0,0,-1
1,0,0,0,1,0.563,0,0,0.2714,0,1,1,8,0,0,2,1,1,0,1,1,0,0,1,0,0,0,0,0,1,0,0,0,0,0,1,0,1,0,0,1,0,0,0,-1
1,0,1,1,0,0.909,0,0,-0.0772,0,1,1,7,0,0,1,1,0,0,0,0,0,0,1,1,0,0,1,0,0,0,0,1,2,0,0,0,0,0,0,0,1,0,2,1
1,0,0,0,1,0.664,0,0,0.8919,0,0,1,1,0,2,4,1,0,0,3,1,0,0,2,3,0,0,4,0,0,2,0,0,5,0,0,0,0,0,0,0,0,0,5,1
1,0,1,0,0,0.706,0,0,0.7845,0,1,0,5,0,0,0,1,0,0,3,0,0,0,0,3,0,0,5,0,0,0,0,0,2,0,2,0,0,1,0,3,0,0,2,1
0,1,0,0,1,0.648,0,0,0.7641,0,0,0,2,1,1,4,3,1,0,1,0,0,0,2,2,0,0,1,0,0,0,0,0,2,0,0,0,2,1,0,1,0,0,2,1
1,1,0,0,0,1,0,0,0,0,1,0,9,0,2,1,3,1,0,1,0,0,0,1,1,0,0,1,0,0,1,0,0,3,0,0,0,0,1,1,1,0,0,3,1
1,0,1,0,1,0.527,0,0,-0.7081,0,1,0,2,0,0,2,0,1,0,1,0,0,0,1,1,0,0,5,0,0,0,0,0,0,0,1,0,1,0,1,0,0,0,0,-1
1,0,1,0,0,1,0,0,0,0,2,0,0,0,0,2,0,0,0,0,0,0,0,0,1,0,0,3,0,0,0,0,0,0,0,0,0,0,0,0,0,0,0,0,1
1,1,0,1,0,1,0,0,0,0,1,0,4,0,0,4,2,1,0,2,0,0,0,0,2,0,0,5,0,0,1,0,0,0,0,1,0,0,0,0,0,0,0,0,-1
1,0,1,0,1,0.565,0,0,0.8951,0,1,0,1,0,1,2,2,0,0,1,0,0,0,1,2,0,1,5,0,0,0,0,1,1,0,1,0,0,0,0,2,1,0,1,1
0,0,1,0,1,0.694,0,0,-0.7772,0,1,0,4,0,0,2,0,0,0,1,0,0,0,1,1,0,0,6,0,0,2,1,0,0,0,2,0,1,1,1,0,0,0,0,1
1,1,0,0,0,0.661,0,0,-0.7717,0,0,0,8,0,1,2,1,1,0,2,0,0,0,1,1,0,0,0,0,0,0,0,0,2,0,2,0,1,0,0,1,0,0,2,-1
1,0,0,0,0,0.928,0,0,-0.1027,0,1,0,1,0,0,3,2,0,0,2,0,0,0,0,1,0,0,1,0,0,0,0,0,5,0,1,0,0,1,1,4,0,0,5,1
1,1,0,0,0,1,0,0,0,0,1,0,7,0,0,0,1,1,0,2,0,0,0,0,0,0,0,5,0,0,1,1,0,1,0,1,0,0,0,0,2,0,0,1,1
0,1,0,0,0,1,0,0,0,0,1,0,5,0,0,1,0,2,0,1,0,0,0,0,1,0,0,1,0,0,0,0,0,0,0,0,0,0,0,0,0,0,0,0,1
1,0,1,0,0,0.562,0,0,-0.4404,0,2,1,1,0,0,0,0,0,0,1,0,0,0,0,0,0,0,2,0,0,0,0,0,2,0,1,0,0,0,0,2,0,0,2,1
0,0,1,0,0,1,0,0,0,0,1,2,1,0,0,2,1,0,0,1,0,0,0,0,0,0,0,3,0,0,1,1,0,2,0,1,0,0,0,0,0,0,0,2,1
1,0,1,0,1,0.71,0,0,0.5696,0,2,1,3,0,0,2,1,0,0,0,0,0,0,0,0,0,0,2,0,0,1,0,0,3,0,0,0,0,0,0,0,0,0,3,1
1,0,0,0,0,0.824,0,0,0.4588,0,1,2,3,0,0,2,0,0,0,3,0,0,0,0,1,0,0,1,0,0,1,0,0,3,0,2,0,0,0,0,0,0,0,3,1
1,1,1,0,0,0.583,0,0,0.9313,0,1,0,5,0,0,4,0,0,0,1,0,0,0,0,2,0,0,2,0,0,2,2,0,1,0,2,0,0,2,0,0,0,0,1,-1
1,1,1,0,1,1,0,0,0,0,1,0,4,0,0,0,0,0,0,0,0,0,0,0,0,0,0,9,0,0,0,0,0,0,0,0,0,0,0,0,0,0,0,0,1
1,0,1,0,0,0.571,0,0,0.4588,0,2,0,1,0,0,0,1,0,0,0,0,0,0,0,0,0,0,5,0,0,0,0,0,0,0,0,0,0,0,0,0,0,0,0,1
0,0,1,0,0,1,0,0,0,0,1,0,1,0,1,0,0,0,0,1,0,0,0,1,0,0,0,1,0,0,0,0,0,0,0,0,0,0,0,1,0,0,0,0,1
0,0,1,0,0,1,0,0,0,0,1,0,2,0,0,1,0,0,0,0,0,0,0,0,0,0,0,1,0,0,1,1,0,0,0,1,0,0,0,0,0,0,0,0,1
1,1,1,0,1,0.846,0,0,0.4753,0,1,1,3,0,0,2,0,0,0,1,0,0,0,0,2,0,0,8,0,0,0,0,0,1,0,0,0,0,1,0,1,0,0,1,1
1,0,1,0,1,0.429,0,0,0.8395,0,2,0,2,0,0,2,0,0,0,0,0,0,0,0,0,0,0,6,0,0,0,0,0,0,0,0,0,0,0,0,0,0,0,0,1
0,0,1,0,0,1,0,0,0,0,1,0,1,0,1,0,0,0,0,1,0,0,0,1,0,0,0,1,0,0,0,0,0,0,0,0,0,0,0,1,0,0,0,0,1
0,0,1,0,0,1,0,0,0,0,1,0,2,0,0,1,0,0,0,0,0,0,0,0,0,0,0,1,0,0,1,1,0,0,0,1,0,0,0,0,0,0,0,0,1
0,0,1,0,1,0.644,0,0,-0.6103,0,1,0,2,0,0,1,0,0,0,0,0,0,0,0,0,0,0,6,0,0,0,0,0,0,0,1,0,0,0,0,0,0,0,0,1
0,0,1,0,0,0.732,0,0,-0.5267,0,1,0,2,0,0,2,2,0,0,0,0,0,0,2,1,0,0,1,0,0,0,0,0,1,0,1,0,1,0,0,0,0,0,1,1
0,0,1,0,0,1,0,0,0,0,2,0,0,0,0,1,0,0,0,0,0,0,0,0,0,0,0,5,0,0,0,0,0,0,0,0,0,0,0,0,0,0,0,0,1
0,1,1,0,0,1,0,0,0,0,1,0,3,0,0,0,0,0,0,0,0,0,0,0,0,0,0,2,1,0,1,0,0,0,0,0,0,0,0,0,0,0,0,0,1
1,0,0,0,0,1,0,0,0,0,2,0,2,0,0,0,0,0,0,0,0,0,0,0,0,0,0,6,0,0,1,0,0,0,0,0,0,0,0,0,0,0,0,0,1
1,0,1,0,0,0.642,0,0,0.5994,0,2,0,2,0,0,1,0,0,0,0,0,0,0,0,0,0,0,7,0,0,1,0,0,0,0,0,0,0,0,0,0,0,0,0,1
0,1,1,0,0,1,0,0,0,0,0,0,4,0,1,2,2,1,0,1,0,0,0,3,0,0,0,0,0,0,0,0,0,1,0,0,0,0,1,0,1,0,0,1,1
1,0,1,0,0,1,0,0,0,0,2,0,1,0,0,1,0,0,0,1,0,0,0,0,1,0,0,4,0,0,1,0,0,0,0,1,0,0,0,1,1,0,0,0,1
0,0,1,0,0,1,0,0,0,0,1,0,1,0,1,0,0,0,0,1,0,0,0,1,0,0,0,1,0,0,0,0,0,0,0,0,0,0,0,1,0,0,0,0,1
0,0,1,0,0,1,0,0,0,0,1,0,2,0,0,1,0,0,0,0,0,0,0,0,0,0,0,1,0,0,1,1,0,0,0,1,0,0,0,0,0,0,0,0,1
0,0,1,0,1,0.644,0,0,-0.6103,0,1,0,2,0,0,1,0,0,0,0,0,0,0,0,0,0,0,6,0,0,0,0,0,0,0,1,0,0,0,0,0,0,0,0,1
0,0,1,0,0,0.732,0,0,-0.5267,0,1,0,2,0,0,2,2,0,0,0,0,0,0,2,1,0,0,1,0,0,0,0,0,1,0,1,0,1,0,0,0,0,0,1,1
0,0,1,0,0,1,0,0,0,0,2,0,0,0,0,1,0,0,0,0,0,0,0,0,0,0,0,5,0,0,0,0,0,0,0,0,0,0,0,0,0,0,0,0,1
0,1,1,0,0,1,0,0,0,0,1,0,3,0,0,0,0,0,0,0,0,0,0,0,0,0,0,2,1,0,1,0,0,0,0,0,0,0,0,0,0,0,0,0,1
0,1,0,0,0,0.766,0,0,0.7269,0,0,0,5,1,3,3,2,0,0,1,0,0,0,3,2,0,0,3,0,0,0,0,0,0,0,0,0,0,0,0,0,0,0,0,1
1,1,1,0,0,0.745,0,0,0.6249,0,0,0,4,0,0,1,1,0,0,1,0,0,0,0,0,0,0,9,0,0,1,0,1,1,0,2,0,0,0,0,1,1,0,1,1
1,0,1,0,0,1,0,0,0,0,2,0,3,0,0,1,1,0,0,0,0,0,0,0,0,0,0,1,0,0,0,0,0,0,0,1,0,0,0,1,0,0,0,0,1
1,0,1,0,0,0.661,0,0,0.7717,0,2,0,4,0,0,2,0,1,0,2,0,0,0,1,1,0,0,3,0,0,0,0,0,1,0,1,0,0,1,0,2,0,0,1,1
1,1,1,0,0,0.741,0,0,0.4215,0,0,0,4,0,0,1,1,0,0,0,0,0,0,0,0,0,0,2,0,0,1,0,0,1,0,0,0,0,0,0,1,0,0,1,1
0,0,1,1,0,1,0,0,0,0,2,0,1,0,0,0,0,0,0,0,0,0,0,0,0,0,0,1,0,0,1,0,0,0,0,0,0,0,0,0,0,0,0,0,1
0,1,1,0,1,1,0,0,0,0,0,0,3,0,0,1,1,1,0,1,0,0,0,0,0,0,0,5,0,0,0,0,0,0,0,1,0,0,0,0,0,0,0,0,1
0,0,1,0,0,0.706,0,0,0.3612,0,2,1,1,1,0,1,0,0,0,1,0,0,0,0,0,0,0,1,0,0,0,0,0,0,0,0,0,0,0,0,0,0,0,0,1
1,0,1,0,0,0.861,0,0,-0.4404,0,2,0,5,0,1,1,0,0,0,2,1,0,0,0,0,0,0,2,0,0,1,0,0,3,0,2,0,0,0,0,1,0,0,3,1
1,0,1,0,0,0.848,0,0,0.3612,0,2,1,2,1,0,2,0,0,0,3,0,0,0,0,1,0,0,1,0,0,0,0,0,2,0,1,0,0,0,2,1,0,0,2,1
1,1,1,0,0,1,0,0,0,0,1,0,5,0,0,2,0,0,0,1,0,0,0,0,0,0,0,5,0,0,0,0,0,1,0,1,0,0,0,0,1,0,0,1,1
1,0,1,0,1,0.598,0,0,0.8122,0,2,1,2,0,0,2,0,0,0,0,0,0,0,0,1,0,0,12,0,0,0,0,0,1,0,1,0,0,0,0,1,0,0,1,1
0,0,1,0,0,1,0,0,0,0,2,1,3,0,0,1,2,0,0,0,0,0,0,0,0,0,0,2,0,0,0,0,0,0,0,0,0,0,0,0,0,0,0,0,1
0,0,1,0,0,0.769,0,0,-0.34,0,1,0,3,0,0,0,1,0,0,1,0,0,0,1,0,0,0,1,0,0,0,0,0,0,0,2,0,0,0,0,0,0,0,0,1
1,0,1,0,1,0.431,0,0,0.9529,0,2,0,3,0,0,6,0,0,0,1,0,0,1,0,0,0,0,4,0,0,0,0,0,2,0,2,0,0,1,0,1,0,0,2,1
1,1,1,0,0,0.664,0,0,0.7964,0,1,0,5,0,0,1,2,0,0,0,0,0,0,0,0,0,0,5,0,1,1,0,0,0,0,0,0,0,1,1,1,0,0,0,1
1,0,1,0,0,1,0,0,0,0,2,0,3,0,0,2,1,0,0,1,0,0,0,1,0,0,0,1,0,1,1,0,0,0,0,1,0,0,1,0,0,0,0,0,1
0,0,1,0,1,1,0,0,0,0,1,0,0,1,0,0,0,0,0,0,0,0,0,0,0,0,0,1,0,0,0,0,0,0,0,0,0,0,0,1,0,0,0,0,1
1,0,1,0,0,0.58,0,0,0.0258,0,2,0,5,0,0,2,3,0,0,0,0,0,0,0,0,0,0,1,0,0,1,0,0,0,0,2,0,0,0,0,0,0,0,0,1
0,0,1,0,0,1,0,0,0,0,1,0,0,0,0,0,1,0,0,0,0,0,0,0,1,0,0,1,0,0,0,0,0,0,0,0,0,0,0,0,0,0,0,0,1
1,1,1,1,0,1,0,0,0,0,0,0,2,0,1,2,3,2,0,3,0,0,0,1,0,0,0,4,0,0,0,0,0,0,0,1,0,0,1,0,0,0,0,0,1
1,1,0,0,1,0.659,0,0,0.8302,0,1,1,3,0,1,1,0,0,0,1,0,0,0,1,1,0,1,7,0,0,1,0,0,0,0,2,0,0,0,0,1,0,0,0,1
1,0,1,0,0,1,0,0,0,0,0,0,2,1,0,0,2,0,0,1,0,0,0,0,1,0,0,6,0,0,0,0,0,2,0,1,0,0,1,0,3,0,0,2,1
1,1,1,0,0,1,0,0,0,0,1,0,3,0,0,1,0,0,0,0,0,0,0,0,0,0,0,5,0,0,0,0,0,0,0,0,0,0,0,0,0,0,0,0,1
0,0,1,0,0,1,0,0,0,0,1,0,1,0,1,0,0,0,0,1,0,0,0,1,0,0,0,1,0,0,0,0,0,0,0,0,0,0,0,1,0,0,0,0,-1
1,1,0,0,0,1,0,0,0,0,1,0,5,0,0,0,0,0,0,1,0,0,0,0,0,0,0,13,0,0,0,0,0,0,0,1,0,0,0,0,0,0,0,0,1
1,1,0,0,0,1,0,0,0,0,1,0,3,0,0,0,0,0,0,0,0,0,0,0,1,0,0,13,0,0,0,0,0,1,0,0,0,0,0,0,1,0,0,1,1
1,1,0,0,0,0.897,0,0,0.3182,1,1,1,6,1,0,3,0,0,0,3,0,0,0,1,0,0,0,3,0,0,0,1,0,1,0,2,0,0,0,0,0,0,0,1,-1
1,0,1,0,0,1,0,0,0,0,1,0,1,0,0,1,0,0,0,0,0,0,0,0,0,0,0,1,0,0,0,0,0,0,0,0,0,0,0,0,0,0,0,0,1
0,1,1,0,1,1,0,0,0,0,1,0,2,0,0,0,0,0,0,0,0,0,0,2,0,0,0,3,0,0,0,0,0,0,0,0,0,0,0,0,0,0,0,0,1
1,0,1,1,1,0.798,0,0,-0.5853,0,0,0,3,0,0,3,1,0,0,1,0,0,0,1,0,0,1,2,0,0,2,0,1,0,0,1,0,0,0,0,1,1,0,0,1
0,0,1,0,1,1,0,0,0,0,0,0,0,0,0,0,1,1,0,1,0,0,0,1,0,0,0,3,0,0,0,0,0,2,0,0,0,1,0,0,0,0,0,2,1
1,0,1,0,0,1,0,0,0,0,2,0,1,0,0,1,2,0,0,1,0,0,0,0,0,0,0,2,0,0,0,1,0,0,0,0,0,0,0,0,0,0,0,0,-1
0,0,1,0,0,1,0,0,0,0,1,0,1,0,1,0,0,0,0,1,0,0,0,1,0,0,0,1,0,0,0,0,0,0,0,0,0,0,0,1,0,0,0,0,1
0,0,1,0,0,1,0,0,0,0,1,0,2,0,0,1,0,0,0,0,0,0,0,0,0,0,0,1,0,0,1,1,0,0,0,1,0,0,0,0,0,0,0,0,1
1,0,1,0,1,0.835,0,0,-0.3348,0,1,0,1,0,0,2,0,2,0,2,0,0,0,0,1,0,0,4,0,0,1,0,0,0,0,0,0,0,0,0,0,0,0,0,-1
1,0,1,0,0,0.629,0,0,0.6486,0,1,0,4,0,0,0,1,0,0,1,1,0,0,0,0,0,0,6,0,0,0,0,0,0,0,0,0,0,0,0,0,0,0,0,1
0,0,1,1,0,1,0,0,0,0,1,0,1,0,1,0,0,1,0,2,0,0,0,1,0,0,0,0,0,0,0,0,1,1,0,0,0,0,0,0,1,1,0,1,1
1,0,1,1,1,1,0,0,0,0,2,0,0,0,0,1,0,0,0,0,0,0,0,1,0,0,0,3,1,0,1,0,0,0,0,1,0,0,0,0,0,0,0,0,-1
0,0,1,0,0,0.796,0,0,-0.3182,0,1,0,3,0,0,0,0,2,0,1,0,0,0,0,0,0,0,2,0,0,1,0,0,0,0,1,0,0,0,0,0,0,0,0,-1
1,1,0,0,0,0.729,0,0,-0.4084,0,1,0,4,0,0,1,1,0,0,0,0,0,0,0,6,0,0,2,0,0,1,0,0,0,0,3,0,0,0,0,2,0,0,0,1
0,0,1,0,0,0.889,0,0,0.3612,0,1,0,2,0,0,1,0,1,0,4,0,0,0,0,2,0,0,3,1,0,2,1,0,1,0,2,0,0,1,0,0,0,0,1,1
1,0,1,0,0,1,0,0,0,0,0,0,1,0,0,0,0,0,0,0,0,0,0,1,0,0,0,3,0,0,1,0,0,0,0,1,0,0,1,0,0,0,0,0,1
0,0,1,0,1,0.72,0,0,-0.6467,0,1,0,3,0,0,0,1,0,0,1,0,0,0,0,0,0,0,1,1,0,1,1,0,0,0,2,0,0,0,0,1,0,0,0,-1
1,0,1,0,1,1,0,0,0,0,1,1,2,0,2,0,1,0,0,0,0,0,0,2,0,0,0,3,0,0,0,0,0,1,0,1,0,0,0,0,1,0,0,1,1
0,1,0,0,0,1,0,0,0,0,0,0,1,0,0,0,0,0,0,0,0,0,0,0,1,0,0,0,0,0,0,0,0,0,0,0,0,0,0,0,0,0,0,0,1
1,0,1,0,0,0.814,0,0,-0.4939,0,1,0,2,0,1,0,0,2,0,1,0,0,0,2,0,0,0,5,0,0,1,0,0,0,0,0,0,1,1,0,0,0,0,0,1
0,0,1,0,0,1,0,0,0,0,1,0,1,0,1,0,0,0,0,1,0,0,0,1,0,0,0,1,0,0,0,0,0,0,0,0,0,0,0,1,0,0,0,0,1
0,0,1,0,0,1,0,0,0,0,1,0,2,0,0,1,0,0,0,0,0,0,0,0,0,0,0,1,0,0,1,1,0,0,0,1,0,0,0,0,0,0,0,0,1
0,0,1,0,0,0.748,0,0,-0.25,0,2,0,3,0,0,2,0,0,0,2,0,0,0,1,2,0,0,3,0,0,1,0,0,0,0,0,0,1,1,0,0,0,0,0,-1
1,0,1,0,1,0.534,0,0,0.7974,0,1,0,0,0,0,2,1,0,0,0,0,0,0,0,1,0,0,4,0,0,1,0,0,0,0,0,0,0,0,0,0,0,0,0,1
1,0,0,0,1,1,0,0,0,0,1,0,1,0,0,2,0,0,0,0,0,0,0,0,1,0,0,2,0,0,0,0,0,0,0,1,0,0,1,0,0,0,0,0,-1
1,0,1,0,1,0.57,0,0,0.5815,0,2,0,3,0,0,1,0,0,0,0,0,0,0,0,0,0,0,4,0,0,1,0,0,1,0,1,0,0,0,0,0,0,0,1,1
1,1,1,0,1,0.79,0,0,0.4926,0,0,0,3,0,0,2,0,0,0,0,0,0,0,0,0,0,0,10,0,0,1,0,0,1,0,1,0,0,0,0,0,0,0,1,1
1,0,1,0,1,0.547,0,0,0.7163,0,2,0,3,0,0,0,1,0,0,0,0,0,0,0,0,0,0,6,0,0,0,0,0,0,0,0,0,0,0,0,0,0,0,0,1
0,0,1,0,0,0.402,0,0,0.886,0,0,0,1,0,0,1,0,0,0,0,0,0,0,0,0,0,0,7,0,0,0,1,0,0,0,0,0,0,0,0,0,0,0,0,1
0,0,1,0,0,1,0,0,0,0,1,0,1,0,0,1,0,0,0,0,1,0,0,0,2,0,0,0,0,0,1,0,0,0,0,0,0,0,0,0,1,0,0,0,1
1,0,1,0,0,0.694,0,0,-0.6597,0,1,0,4,0,0,1,0,1,0,1,0,0,0,0,0,0,0,1,0,0,1,0,0,1,0,1,0,0,0,0,0,0,0,1,-1
1,0,1,0,0,0.876,0,0,-0.1779,0,1,2,4,0,0,1,0,0,0,0,0,0,0,0,1,0,0,2,0,0,1,0,0,2,0,0,0,0,1,1,0,0,0,2,-1
0,1,1,0,0,0.787,0,0,0.2263,0,0,0,2,0,0,0,0,0,0,0,0,0,0,0,0,0,0,3,0,0,1,0,0,0,0,1,0,0,0,1,0,0,0,0,-1
1,0,1,1,1,1,0,0,0,0,2,0,4,0,0,1,0,0,0,1,0,0,0,0,0,0,0,3,0,0,0,0,0,0,0,1,0,0,0,0,0,0,0,0,1
1,0,1,0,0,0.426,0,0,0.6124,0,2,2,4,0,0,2,0,1,0,2,0,0,0,0,1,0,0,4,0,0,0,0,0,1,0,2,0,0,0,0,0,0,0,1,-1
1,0,1,1,0,1,0,0,0,0,0,0,2,1,0,2,1,0,0,2,0,0,0,1,0,0,0,4,3,0,2,0,0,3,0,0,0,1,0,1,0,0,0,3,1
0,0,1,0,1,1,0,0,0,0,1,1,2,0,0,0,1,0,0,0,0,0,0,0,2,0,0,0,0,0,1,0,0,0,0,1,0,0,1,0,0,0,0,0,1
1,0,1,0,1,0.763,0,0,0.4199,0,1,1,0,0,1,1,2,0,0,1,0,0,0,2,1,0,0,1,0,0,0,0,0,1,0,0,0,0,0,0,0,0,0,1,1
1,1,0,1,0,0.767,0,0,-0.594,0,1,0,4,0,1,3,1,0,0,1,0,0,0,1,1,0,0,5,0,0,1,0,0,0,0,3,0,0,0,0,2,0,0,0,-1
1,1,0,0,0,1,0,0,0,0,0,0,3,0,0,1,1,0,0,2,0,0,0,0,1,0,0,7,0,0,1,1,0,2,0,1,0,0,0,1,2,0,0,2,1
0,1,0,0,0,1,0,0,0,1,0,0,3,0,0,2,0,0,0,4,0,0,0,1,3,0,0,2,0,0,0,3,0,1,0,2,0,1,1,0,1,0,0,1,1
1,1,1,0,0,0.779,0,0,0.6597,0,1,0,3,0,2,2,0,1,0,2,0,0,0,4,0,0,0,4,0,0,1,0,0,0,0,2,0,1,0,1,0,0,0,0,-1
1,0,0,0,0,1,0,0,0,0,1,0,3,1,0,0,1,1,0,1,0,0,0,0,0,0,0,3,0,0,0,0,0,0,0,1,0,0,0,0,1,0,0,0,1
1,0,1,0,1,0.764,0,0,0.403,0,0,0,1,0,1,2,2,0,0,1,0,0,0,2,2,0,0,6,0,0,0,2,0,2,0,0,0,1,1,0,1,0,0,2,1
1,0,0,0,0,0.89,0,0,-0.2732,0,1,1,5,0,1,2,1,1,0,3,0,0,0,1,0,0,0,3,0,0,1,0,0,2,0,3,0,0,0,0,0,0,0,2,-1
1,0,1,0,0,0.87,0,0,-0.2732,0,2,1,3,0,0,2,1,1,0,3,0,0,0,0,1,0,0,4,0,0,0,0,0,1,0,2,0,0,0,0,0,0,0,1,1
0,1,1,1,0,1,0,0,0,0,0,0,3,0,0,0,0,1,0,0,0,0,0,0,1,0,0,11,0,0,0,0,0,0,0,0,0,0,0,0,1,0,0,0,1
1,0,1,0,0,0.758,0,0,-0.1531,0,1,0,0,0,0,0,1,1,0,0,0,0,0,0,1,0,0,3,0,0,0,0,0,0,0,0,0,0,1,0,1,0,0,0,-1
1,0,0,1,0,0.725,0,0,-0.6908,0,1,0,5,0,1,0,0,0,0,3,0,0,0,1,0,0,0,2,0,0,1,0,0,2,0,5,0,0,1,0,1,0,0,2,1
1,0,1,0,0,0.634,0,0,-0.7322,0,0,0,1,0,0,2,1,1,0,2,0,0,0,1,1,0,0,7,0,0,1,1,0,0,0,4,0,0,0,0,1,0,0,0,-1
1,1,0,0,1,0.44,0,0,0.9695,0,1,1,6,0,0,3,1,1,0,1,0,0,0,1,0,0,0,4,0,0,1,0,0,3,0,1,0,0,0,0,1,0,0,3,1
1,1,0,0,1,0.667,0,0,0.5713,0,1,0,3,0,1,1,2,2,0,1,0,0,0,0,2,0,0,5,0,0,0,0,0,3,0,1,0,0,0,0,1,0,0,3,1
0,0,1,0,0,0.71,0,0,0.5994,0,1,0,3,1,0,1,0,0,0,2,0,0,0,1,0,0,0,2,0,0,1,0,0,1,0,3,0,1,0,0,0,0,0,1,1
1,0,1,1,0,1,0,0,0,0,2,0,1,0,0,1,0,0,0,0,0,0,0,0,0,0,0,4,0,0,0,0,0,0,0,0,0,0,0,0,0,0,0,0,1
0,1,1,0,0,0.732,0,0,0.765,0,0,0,6,0,1,1,1,1,0,3,0,0,0,0,1,0,0,3,0,0,1,0,0,3,0,2,0,0,0,0,0,0,0,3,1
1,1,0,0,0,1,0,0,0,0,0,0,3,0,1,3,1,1,0,2,0,0,0,1,1,0,0,1,0,0,2,0,1,2,0,3,0,0,1,0,2,1,0,2,1
0,1,0,0,1,0.71,0,0,0.5411,0,1,0,3,0,0,2,1,0,0,1,0,0,0,0,1,0,0,1,0,0,0,0,0,2,0,1,0,0,0,0,2,0,0,2,1
1,0,1,0,0,0.877,0,0,-0.1027,0,2,0,1,0,0,1,0,2,0,1,0,0,0,1,0,0,0,6,0,0,0,0,0,0,0,0,0,0,0,0,0,0,0,0,-1
0,1,0,0,0,1,0,0,0,0,0,0,3,0,0,1,0,0,0,3,2,0,0,0,2,0,0,2,0,0,0,0,0,2,0,0,0,0,0,2,4,0,0,2,1
1,1,0,1,1,0.9,0,0,-0.3031,0,1,0,5,0,0,1,0,0,0,3,0,0,0,0,3,0,0,7,0,0,0,1,0,1,0,2,0,0,1,0,1,0,0,1,-1
1,0,0,0,0,1,0,0,0,0,2,0,0,0,0,1,0,0,0,0,0,0,0,0,0,0,0,2,0,0,0,0,0,0,0,0,0,0,0,0,0,0,0,0,1
1,0,1,0,0,1,0,0,0,1,1,0,3,0,1,1,3,1,0,2,0,0,0,1,0,0,0,4,0,0,1,0,0,3,0,2,0,0,1,1,1,0,0,3,1
0,0,1,0,0,1,0,0,0,0,1,0,1,0,0,1,0,0,0,0,0,0,0,0,0,0,0,3,0,0,1,0,0,0,0,0,0,0,0,1,0,0,0,0,1
1,0,1,0,0,1,0,0,0,0,0,0,3,0,0,3,0,0,0,2,0,0,0,0,0,0,0,2,0,1,0,1,0,1,0,2,0,0,0,1,1,0,0,1,-1
1,0,0,0,0,0.769,0,0,0.6369,0,1,0,3,0,0,2,1,0,0,0,1,0,0,1,0,0,1,4,0,0,2,0,0,1,0,2,0,1,0,0,1,0,0,1,1
1,1,0,1,0,0.767,0,0,-0.594,0,1,0,4,0,1,3,1,0,0,1,0,0,0,1,1,0,0,5,0,0,1,0,0,0,0,3,0,0,0,0,2,0,0,0,1
0,1,1,0,1,0.492,0,0,0.4753,0,1,0,3,0,0,0,0,0,0,0,0,0,0,0,1,0,0,2,0,0,0,0,0,0,0,0,0,0,0,0,0,0,0,0,1
1,0,1,0,1,1,0,0,0,0,1,1,3,0,0,2,2,0,0,0,0,0,0,0,0,0,0,4,0,0,0,0,0,0,0,0,0,0,0,1,2,0,0,0,-1
1,0,0,0,1,0.661,0,0,0.5551,0,1,1,2,1,0,1,0,0,0,0,0,0,0,0,0,0,0,3,0,0,0,0,0,2,0,0,0,0,0,0,0,0,0,2,1
1,1,0,0,0,0.807,0,0,0.0724,0,0,0,3,0,0,2,4,0,0,2,0,0,0,1,1,0,0,3,1,0,1,0,0,4,0,0,0,0,1,0,3,0,0,4,1
0,0,1,0,0,1,0,0,0,0,1,0,1,0,2,1,3,1,0,0,0,0,0,1,2,0,0,2,0,0,1,0,1,0,0,1,0,0,0,0,1,1,0,0,-1
1,0,1,0,1,1,0,0,0,0,2,0,1,0,0,0,0,1,0,1,0,0,0,0,2,0,0,5,0,1,0,0,0,0,0,0,0,0,0,0,1,0,0,0,-1
0,0,1,0,0,1,0,0,0,0,1,0,1,0,1,0,0,0,0,1,0,0,0,1,0,0,0,1,0,0,0,0,0,0,0,0,0,0,0,1,0,0,0,0,1
0,1,0,1,0,1,0,0,0,0,0,0,4,0,0,5,1,0,0,2,0,0,0,1,2,0,1,0,0,0,1,0,0,0,0,4,0,0,1,0,1,0,0,0,1
1,0,1,0,1,1,0,0,0,0,2,1,1,0,2,1,1,0,0,2,0,0,0,0,1,0,0,5,0,0,0,0,0,2,0,1,0,0,0,0,0,0,0,2,1
0,0,1,0,0,1,0,0,0,0,1,0,1,0,1,0,0,0,0,1,0,0,0,1,0,0,0,1,0,0,0,0,0,0,0,0,0,0,0,1,0,0,0,0,1
0,0,1,0,0,1,0,0,0,0,1,0,2,0,0,1,0,0,0,0,0,0,0,0,0,0,0,1,0,0,1,1,0,0,0,1,0,0,0,0,0,0,0,0,1
0,0,1,1,0,1,0,0,0,0,1,0,3,0,0,1,0,1,0,1,0,0,0,0,3,0,0,0,1,0,0,0,0,0,0,3,0,0,0,0,3,0,0,0,-1
1,1,0,0,0,0.914,0,0,-0.2415,0,1,2,5,0,0,2,1,0,0,2,0,0,0,2,2,0,0,2,0,0,0,0,0,2,0,2,0,2,0,0,0,0,0,2,-1
1,0,0,0,0,1,0,0,0,0,1,0,3,1,1,1,1,1,0,0,0,0,0,1,1,0,0,2,0,0,0,0,0,1,0,1,0,0,1,1,4,0,0,1,-1
1,1,0,0,0,0.727,0,0,-0.7184,0,0,0,8,0,0,1,1,1,0,3,0,0,0,1,0,0,0,2,0,0,2,0,0,0,0,2,0,0,0,1,0,0,0,0,-1
0,0,1,0,1,1,0,0,0,0,0,0,2,0,0,1,0,0,0,1,1,0,0,1,1,0,0,2,0,0,1,0,0,1,0,1,0,0,0,0,0,0,0,1,1
1,1,1,0,0,1,0,0,0,0,1,0,2,0,0,0,0,0,0,0,0,0,0,0,0,0,0,4,0,0,0,0,0,0,0,0,0,0,0,0,0,0,0,0,1
0,0,1,0,0,1,0,0,0,0,1,0,1,0,1,0,0,0,0,1,0,0,0,1,0,0,0,1,0,0,0,0,0,0,0,0,0,0,0,1,0,0,0,0,1
0,0,1,0,0,1,0,0,0,0,1,0,2,0,0,1,0,0,0,0,0,0,0,0,0,0,0,1,0,0,1,1,0,0,0,1,0,0,0,0,0,0,0,0,1
0,0,1,0,0,0.819,0,0,0.4767,0,2,0,1,0,1,1,1,0,0,1,0,0,0,1,1,0,0,3,1,0,0,0,0,2,0,1,0,0,0,0,1,0,0,2,1
1,1,1,0,0,1,0,0,0,0,0,0,2,0,0,0,1,0,0,0,0,0,0,3,0,0,0,4,0,0,0,0,0,1,0,0,0,0,0,0,1,0,0,1,-1
0,0,1,0,0,1,0,0,0,0,1,0,1,0,1,0,0,0,0,1,0,0,0,1,0,0,0,1,0,0,0,0,0,0,0,0,0,0,0,1,0,0,0,0,1
1,1,0,0,1,0.766,0,0,-0.636,0,0,1,7,0,0,1,3,0,0,0,0,0,0,1,1,0,0,1,0,0,2,0,0,3,0,3,0,1,0,0,1,0,0,3,1
1,0,1,0,1,0.764,0,0,0.4738,0,2,0,2,0,0,3,1,0,0,0,0,0,0,0,0,0,0,2,0,0,1,0,0,3,0,0,0,0,0,0,1,0,0,3,1
0,1,0,1,0,1,0,0,0,0,0,0,8,0,0,3,0,0,0,3,0,0,0,2,0,0,0,0,0,0,0,0,0,3,0,3,0,1,0,0,1,0,0,3,1
0,0,1,0,0,1,0,0,0,0,2,0,0,0,0,0,0,0,0,0,0,0,0,0,0,0,0,1,0,0,0,0,0,0,0,0,0,0,0,0,0,0,0,0,1
0,0,1,0,0,1,0,0,0,0,1,0,1,0,0,0,1,0,0,0,0,0,0,1,1,0,0,1,0,0,0,1,0,1,0,1,0,1,0,0,0,0,0,1,1
1,0,1,0,0,1,0,0,0,0,2,0,2,0,0,2,0,0,0,0,0,0,0,1,0,0,0,2,0,0,0,0,0,1,0,0,0,1,0,0,0,0,0,1,1
1,0,0,1,1,0.64,0,0,0.508,0,1,2,1,0,0,0,1,0,0,3,0,0,0,0,1,0,0,1,0,0,0,0,0,6,0,0,0,0,0,1,5,0,0,6,1
1,1,0,0,1,0.766,0,0,-0.636,0,0,1,7,0,0,1,3,0,0,0,0,0,0,1,1,0,0,1,0,0,2,0,0,3,0,3,0,1,0,0,1,0,0,3,1
1,0,0,0,0,1,0,0,0,0,2,0,2,0,0,0,0,0,0,0,0,0,0,0,0,0,0,2,0,0,0,0,1,1,0,1,0,0,0,0,1,1,0,1,1
1,0,1,0,1,1,0,0,0,0,0,0,0,0,0,1,0,0,0,0,0,0,0,0,0,0,0,4,0,0,1,0,0,1,0,1,0,0,1,0,0,0,0,1,1
0,1,1,1,0,1,0,0,0,0,0,0,5,0,0,0,0,0,0,0,0,0,0,0,0,0,0,1,0,0,1,0,0,0,0,1,0,0,0,0,0,0,0,0,-1
1,0,1,0,1,1,0,0,0,0,2,0,3,0,1,2,0,1,0,1,0,0,0,1,0,0,0,3,0,0,0,0,0,0,0,0,0,0,0,0,0,0,0,0,1
1,0,0,0,0,1,0,0,0,0,1,0,0,0,1,1,1,0,0,0,0,0,0,1,0,0,0,6,0,0,0,0,0,1,0,0,0,0,0,0,0,0,0,1,1
1,0,1,0,0,0.704,0,0,-0.6486,0,1,0,4,0,0,1,1,1,0,2,0,0,0,1,0,0,0,6,0,0,0,0,0,2,0,2,0,1,2,0,1,0,0,2,-1
0,0,1,1,0,0.711,0,0,0.4019,0,1,0,0,0,1,1,0,0,0,1,1,0,0,2,2,0,0,2,1,0,0,1,0,1,0,0,0,0,1,0,2,0,0,1,1
1,0,1,0,0,0.588,0,0,0.4215,0,1,0,3,0,0,1,0,0,0,0,0,0,0,0,0,0,0,2,0,0,0,0,0,0,0,0,0,0,0,0,0,0,0,0,-1
0,1,0,0,0,1,0,0,0,0,1,0,5,0,0,1,0,0,0,0,0,0,0,0,0,0,0,0,0,0,0,0,0,0,0,0,0,0,0,0,0,0,0,0,1
1,1,1,0,0,1,0,0,0,0,1,0,3,0,0,0,2,0,0,0,0,0,0,1,0,0,0,2,0,0,0,0,0,0,0,0,0,0,0,0,0,0,0,0,1
0,0,1,0,1,1,0,0,0,0,1,0,0,0,0,0,1,0,0,1,0,0,0,0,0,0,0,1,0,0,1,0,0,0,0,0,0,0,0,0,0,0,0,0,1
1,0,1,0,1,0.639,0,0,-0.5255,0,0,0,0,0,0,1,1,1,0,0,0,0,0,2,0,0,0,2,0,0,1,0,1,0,0,0,0,0,1,1,0,1,0,0,-1
0,0,1,0,1,1,0,0,0,0,1,0,3,0,0,1,0,0,0,0,0,0,0,0,0,0,0,0,0,0,1,0,0,0,0,1,0,0,0,0,0,0,0,0,-1
1,0,1,0,0,1,0,0,0,0,0,0,0,0,0,1,0,0,0,1,0,0,0,0,0,0,0,5,0,1,1,0,0,1,0,1,0,0,0,0,0,0,0,1,-1
0,1,0,0,1,0.839,0,0,-0.3595,0,1,0,3,0,0,1,0,0,0,1,0,0,0,0,2,0,0,3,0,0,0,0,0,0,0,1,0,0,0,1,1,0,0,0,1
1,0,1,0,0,0.707,0,0,0.8519,0,1,0,1,0,0,3,0,0,0,2,0,0,0,1,2,0,0,2,0,0,0,1,1,4,0,3,0,1,1,0,3,1,0,4,1
0,0,1,0,0,1,0,0,0,0,0,0,0,0,0,0,1,0,0,0,0,0,0,1,0,0,0,2,0,0,1,0,0,1,0,0,0,0,0,0,0,0,0,1,1
0,0,1,0,0,0.789,0,0,-0.1531,0,1,0,0,0,0,0,0,0,0,1,0,0,0,0,1,0,0,2,0,0,1,0,0,1,0,0,0,0,0,0,1,0,0,1,-1
1,0,0,1,1,1,0,0,0,0,0,0,1,1,0,2,3,1,0,2,0,0,0,0,1,0,0,4,0,0,2,0,0,5,0,3,0,0,1,1,3,0,0,5,1
1,0,1,0,1,0.62,0,0,0.9006,0,1,0,3,0,1,3,2,1,0,2,0,0,0,1,0,0,0,4,0,0,0,1,0,2,0,2,0,0,0,0,2,0,0,2,1
0,1,0,0,1,1,0,0,0,0,0,0,2,0,0,0,0,0,0,1,0,0,0,0,1,0,0,3,0,0,0,0,0,2,0,1,0,0,0,0,2,0,0,2,1
1,0,1,0,0,0.902,0,0,0.34,0,2,0,3,1,3,1,0,0,0,1,0,0,0,4,1,0,0,4,0,0,1,0,0,3,0,2,0,0,2,0,0,0,0,3,1
1,0,0,1,1,1,0,0,0,0,0,0,0,0,0,1,1,0,0,0,0,0,0,1,1,0,0,1,0,0,1,0,0,0,0,1,0,0,0,1,0,0,0,0,1
1,0,1,0,1,1,0,0,0,0,2,0,1,0,1,1,0,0,0,0,0,0,0,1,0,0,0,3,0,0,0,0,0,0,0,0,0,0,0,1,0,0,0,0,-1
0,0,1,1,0,1,0,0,0,0,1,1,4,0,1,0,0,0,0,1,0,0,0,0,1,0,0,1,0,0,0,0,0,1,0,2,0,0,1,0,1,0,0,1,1
1,0,1,0,0,1,0,0,0,0,2,0,3,0,0,3,0,0,0,0,0,0,0,0,0,0,0,2,0,0,0,0,0,0,0,1,0,0,0,0,0,0,0,0,1
0,1,0,1,0,0.553,0,0,0.264,0,0,1,4,0,0,1,1,0,0,0,0,0,0,0,0,0,0,1,0,0,0,1,0,0,0,2,0,0,0,0,0,0,0,0,1
1,0,1,0,1,0.649,0,0,0.8209,0,2,0,2,0,1,0,1,2,0,2,0,0,0,1,0,0,0,6,0,0,0,0,0,1,0,0,0,0,0,0,0,0,0,1,1
0,0,1,0,0,1,0,0,0,0,1,0,1,0,1,0,0,0,0,1,0,0,0,1,0,0,0,1,0,0,0,0,0,0,0,0,0,0,0,1,0,0,0,0,1
0,0,1,0,0,1,0,0,0,0,1,0,2,0,0,1,0,0,0,0,0,0,0,0,0,0,0,1,0,0,1,1,0,0,0,1,0,0,0,0,0,0,0,0,1
0,1,0,0,0,0.775,0,0,-0.7269,0,1,2,5,0,0,1,1,1,0,3,0,0,0,0,1,0,0,1,0,0,1,1,0,3,0,2,0,0,2,0,0,0,0,3,-1
1,0,1,0,0,0.588,0,0,-0.7906,0,2,0,3,0,1,1,0,0,0,1,1,0,0,0,0,0,0,2,0,0,2,0,0,1,0,1,0,0,0,0,0,0,0,1,-1
1,0,0,0,0,1,0,0,0,0,1,0,1,0,0,0,0,1,0,0,0,0,0,0,1,0,0,10,0,0,0,1,0,0,0,0,0,0,0,0,0,0,0,0,1
1,1,0,0,0,1,0,0,0,0,1,0,5,0,0,2,0,0,0,2,0,0,0,0,0,0,0,11,0,0,0,0,0,0,0,1,0,0,0,0,0,0,0,0,1
1,1,0,0,0,1,0,0,0,0,1,0,2,0,0,1,0,0,0,0,0,0,0,0,0,0,0,15,0,0,0,0,0,0,0,0,0,0,0,0,0,0,0,0,1
1,1,0,0,0,1,0,0,0,0,1,0,3,0,0,0,0,0,0,0,0,0,0,0,0,0,0,15,0,0,0,0,0,0,0,0,0,0,0,0,0,0,0,0,1
1,1,0,0,0,0.823,0,0,-0.6249,0,0,0,4,0,0,3,1,1,0,1,0,0,0,1,1,0,0,1,2,0,2,0,0,3,0,0,0,0,1,0,1,0,0,3,-1
1,0,1,0,1,0.815,0,0,0.4912,0,1,0,4,0,1,1,0,1,0,1,0,1,0,1,2,0,0,4,0,0,0,0,0,0,0,0,0,0,0,0,2,0,0,0,1
1,1,0,0,1,1,0,0,0,0,0,0,2,0,0,1,1,0,0,0,0,0,0,1,0,0,0,15,0,0,2,0,0,1,0,0,0,0,0,1,1,0,0,1,-1
1,1,0,0,0,0.854,0,0,-0.34,0,1,0,6,1,0,0,1,0,0,0,0,0,0,1,1,0,0,7,0,0,1,0,0,0,0,1,0,0,0,0,1,0,0,0,1
1,1,1,0,0,0.925,0,0,0.0772,1,0,0,2,0,1,0,2,0,0,2,0,0,0,2,1,0,0,6,0,0,0,0,0,0,0,1,0,0,1,0,1,0,0,0,1
1,0,1,0,1,1,0,0,0,0,0,0,2,0,0,2,1,0,0,1,0,0,0,0,0,0,0,8,0,0,1,0,0,1,0,1,0,0,0,0,0,0,0,1,1
1,0,0,0,0,0.75,0,0,-0.4576,0,0,0,0,0,0,1,0,1,0,1,0,0,0,0,2,0,0,3,0,1,1,0,0,2,0,0,0,0,0,0,1,0,0,2,-1
1,0,1,0,1,0.594,0,0,0.625,0,0,0,0,0,0,2,1,1,0,1,0,0,0,0,0,0,0,5,0,0,0,0,0,1,0,0,0,0,0,0,1,0,0,1,1
1,0,0,0,0,0.649,0,0,0.4019,0,0,0,1,0,0,1,1,0,0,0,0,0,0,0,0,0,0,3,0,0,1,0,0,1,0,1,0,0,0,0,0,0,0,1,1
1,1,1,0,0,1,0,0,0,0,1,0,3,0,0,0,0,0,0,0,0,0,0,0,0,0,0,9,0,0,0,0,0,0,0,0,0,0,0,0,0,0,0,0,1
1,1,1,0,0,1,0,0,0,0,0,0,6,0,0,2,2,0,0,1,0,0,0,2,0,0,0,1,0,0,1,0,0,2,0,0,0,1,0,0,0,0,0,2,1
1,0,1,0,0,1,0,0,0,0,2,0,0,0,0,2,0,0,0,0,0,0,0,0,2,0,0,3,0,0,0,0,0,0,0,0,0,0,1,0,0,0,0,0,1
0,1,1,0,0,1,0,0,0,0,0,0,4,0,1,1,0,0,0,2,0,0,0,2,1,0,0,8,0,0,0,0,0,0,0,3,0,0,0,0,0,0,0,0,1
0,1,1,0,0,1,0,0,0,0,1,0,2,0,0,0,0,0,0,0,0,0,0,0,0,0,0,4,0,0,0,0,0,0,0,0,0,0,0,0,0,0,0,0,1
1,1,1,0,0,1,0,0,0,0,1,0,2,0,0,0,0,0,0,0,0,0,0,0,0,0,0,5,0,0,1,1,0,0,0,0,0,0,0,0,0,0,0,0,1
1,0,1,0,0,1,0,0,0,0,2,0,1,0,0,0,0,0,0,0,0,0,0,0,0,0,0,6,0,0,1,0,0,0,0,0,0,0,0,0,0,0,0,0,1
1,0,0,0,0,1,0,0,0,0,1,0,2,0,0,1,0,0,0,0,0,0,0,0,1,0,0,0,0,0,0,0,0,0,0,1,0,0,0,0,1,0,0,0,1
1,0,1,0,1,1,0,0,0,0,2,0,4,0,0,0,1,0,0,1,0,0,0,0,0,0,0,3,0,0,0,0,0,0,0,2,0,0,1,0,1,0,0,0,1
